response_ID,variable,value
54239204,FF2,SI
54239204,FF3,SI. Duenoo o Socio/ Gerente/ Contador
54239204,FF4,Servicios  Profesionales
54239204,FF5_1,ENTRE $ 600.001 Y $ 1.000.000
54239204,FF7,AMBA
54239204,FF7_1,CABA SUR
54239204,A2_1,Banco.15
54239204,A2_2,Banco.16
54239204,A3_1,Banco.13
54239204,A3_2,NS/NC
54239204,A9_13,Banco.13
54239204,A9_15,Banco.15
54239204,A9_16,Banco.16
54239204,A10,Banco.15
54239204,A13_13,5
54239204,A13_15,9.0
54239204,A13_16,9.0
54239599,FF2,SI
54239599,FF3,SI. Duenoo o Socio/ Gerente/ Contador
54239599,FF4,Servicios no Profesionales
54239599,FF5_1,ENTRE $ 600.001 Y $ 1.000.000
54239599,FF7,AMBA
54239599,FF7_1,CABA OESTE
54239599,A2_1,Banco.3
54239599,A2_2,Banco.1
54239599,A3_1,Banco.17
54239599,A3_2,NS/NC
54239599,A9_1,Banco.1
54239599,A9_3,Banco.3
54239599,A9_17,Banco.17
54239599,A10,Banco.3
54239599,A13_1,7
54239599,A13_3,10
54239599,A13_17,1
54240209,FF2,SI
54240209,FF3,SI. Duenoo o Socio/ Gerente/ Contador
54240209,FF4,Comercio Minorista
54240209,FF5_1,ENTRE $ 600.001 Y $ 1.000.000
54240209,FF7,AMBA
54240209,FF7_1,CABA OESTE
54240209,A2_1,Banco.20
54240209,A2_2,Banco.90
54240209,A3_1,Banco.1
54240209,A3_2,Banco.13
54240209,A9_9,Banco.9
54240209,A9_20,Banco.20
54240209,A10,Banco.20
54240209,A13_9,5
54240209,A13_20,9.0
54240775,FF2,SI
54240775,FF3,SI. Duenoo o Socio/ Gerente/ Contador
54240775,FF4,Comercio Minorista
54240775,FF5_1,ENTRE $ 5.000.001 Y $ 10 MM
54240775,FF7,AMBA
54240775,FF7_1,CABA NORTE
54240775,A2_1,Banco.7
54240775,A2_2,Banco.4
54240775,A3_1,Banco.13
54240775,A3_2,Banco.6
54240775,A9_4,Banco.4
54240775,A9_6,Banco.6
54240775,A9_7,Banco.7
54240775,A9_13,Banco.13
54240775,A10,Banco.13
54240775,A13_4,7.0
54240775,A13_6,8
54240775,A13_7,9
54240775,A13_13,7
54241493,FF2,SI
54241493,FF3,SI. Duenoo o Socio/ Gerente/ Contador
54241493,FF4,Comercio Minorista
54241493,FF5_1,ENTRE $ 2.000.001 Y $ 3.000.000
54241493,FF7,AMBA
54241493,FF7_1,CABA NORTE
54241493,A2_1,Banco.3
54241493,A2_2,Banco.1
54241493,A3_1,Banco.2
54241493,A3_2,Banco.17
54241493,A9_1,Banco.1
54241493,A9_3,Banco.3
54241493,A10,Banco.3
54241493,A13_1,10
54241493,A13_3,10
54241912,FF2,SI
54241912,FF3,SI. Duenoo o Socio/ Gerente/ Contador
54241912,FF4,Comercio Mayorista
54241912,FF5_1,ENTRE $ 600.001 Y $ 1.000.000
54241912,FF7,AMBA
54241912,FF7_1,CABA NORTE
54241912,A2_1,Banco.5
54241912,A2_2,NS/NC
54241912,A3_1,Banco.90
54241912,A3_2,Banco.9
54241912,A9_5,Banco.5
54241912,A9_13,Banco.13
54241912,A10,Banco.5
54241912,A13_5,6.0
54241912,A13_13,5
54243234,FF2,SI
54243234,FF3,SI. Duenoo o Socio/ Gerente/ Contador
54243234,FF4,Comercio Minorista
54243234,FF5_1,ENTRE $ 5.000.001 Y $ 10 MM
54243234,FF7,AMBA
54243234,FF7_1,CABA NORTE
54243234,A2_1,Banco.17
54243234,A2_2,Banco.1
54243234,A3_1,Banco.2
54243234,A3_2,Banco.9
54243234,A9_17,Banco.17
54243234,A10,Banco.17
54243234,A13_17,9
54244465,FF2,SI
54244465,FF3,SI. Duenoo o Socio/ Gerente/ Contador
54244465,FF4,Comercio Minorista
54244465,FF5_1,ENTRE $ 1.000.001 Y $ 2.000.000
54244465,FF7,AMBA
54244465,FF7_1,CABA NORTE
54244465,A2_1,Banco.7
54244465,A2_2,Banco.3
54244465,A3_1,Banco.20
54244465,A3_2,Banco.10
54244465,A9_3,Banco.3
54244465,A10,Banco.3
54244465,A13_3,6
54245772,FF2,SI
54245772,FF3,SI. Duenoo o Socio/ Gerente/ Contador
54245772,FF4,Comercio Minorista
54245772,FF5_1,ENTRE $ 600.001 Y $ 1.000.000
54245772,FF7,AMBA
54245772,FF7_1,CABA NORTE
54245772,A2_1,Banco.2
54245772,A2_2,Banco.1
54245772,A3_1,Banco.13
54245772,A3_2,Banco.20
54245772,A9_1,Banco.1
54245772,A9_2,Banco.2
54245772,A10,Banco.1
54245772,A13_1,8
54245772,A13_2,8
54246995,FF2,SI
54246995,FF3,SI. Duenoo o Socio/ Gerente/ Contador
54246995,FF4,Servicios no Profesionales
54246995,FF5_1,ENTRE $ 1.000.001 Y $ 2.000.000
54246995,FF7,AMBA
54246995,FF7_1,CABA NORTE
54246995,A2_1,Banco.3
54246995,A2_2,Banco.16
54246995,A3_1,Banco.2
54246995,A3_2,Banco.1
54246995,A9_16,Banco.16
54246995,A10,Banco.16
54246995,A13_16,9.0
54249015,FF2,SI
54249015,FF3,SI. Duenoo o Socio/ Gerente/ Contador
54249015,FF4,Comercio Minorista
54249015,FF5_1,ENTRE $ 2.000.001 Y $ 3.000.000
54249015,FF7,AMBA
54249015,FF7_1,CABA NORTE
54249015,A2_1,Banco.1
54249015,A2_2,Banco.4
54249015,A3_1,Banco.17
54249015,A3_2,Banco.10
54249015,A9_1,Banco.1
54249015,A9_4,Banco.4
54249015,A9_7,Banco.7
54249015,A10,Banco.1
54249015,A13_1,8
54249015,A13_4,8.0
54249015,A13_7,8
54250392,FF2,SI
54250392,FF3,SI. Duenoo o Socio/ Gerente/ Contador
54250392,FF4,Comercio Minorista
54250392,FF5_1,ENTRE $ 1.000.001 Y $ 2.000.000
54250392,FF7,AMBA
54250392,FF7_1,CABA NORTE
54250392,A2_1,Banco.13
54250392,A2_2,Banco.20
54250392,A3_1,Banco.1
54250392,A3_2,Banco.9
54250392,A9_13,Banco.13
54250392,A10,Banco.13
54250392,A13_13,10
54251277,FF2,SI
54251277,FF3,SI. Duenoo o Socio/ Gerente/ Contador
54251277,FF4,Comercio Minorista
54251277,FF5_1,ENTRE $ 1.000.001 Y $ 2.000.000
54251277,FF7,AMBA
54251277,FF7_1,CABA SUR
54251277,A2_1,Banco.4
54251277,A2_2,Banco.3
54251277,A3_1,Banco.2
54251277,A3_2,Banco.9
54251277,A9_1,Banco.1
54251277,A9_3,Banco.3
54251277,A9_16,Banco.16
54251277,A10,Banco.1
54251277,A13_1,7
54251277,A13_3,8
54251277,A13_16,7.0
54252648,FF2,SI
54252648,FF3,SI. Duenoo o Socio/ Gerente/ Contador
54252648,FF4,Comercio Minorista
54252648,FF5_1,ENTRE $ 1.000.001 Y $ 2.000.000
54252648,FF7,AMBA
54252648,FF7_1,CABA NORTE
54252648,A2_1,Banco.7
54252648,A2_2,NS/NC
54252648,A3_1,Banco.4
54252648,A3_2,NS/NC
54252648,A9_7,Banco.7
54252648,A10,Banco.7
54252648,A13_7,8
54254003,FF2,SI
54254003,FF3,SI. Duenoo o Socio/ Gerente/ Contador
54254003,FF4,Comercio Minorista
54254003,FF5_1,ENTRE $ 10 MM Y $ 15 MM
54254003,FF7,AMBA
54254003,FF7_1,CABA NORTE
54254003,A2_1,Banco.3
54254003,A2_2,Banco.1
54254003,A3_1,Banco.2
54254003,A3_2,Banco.5
54254003,A9_1,Banco.1
54254003,A9_3,Banco.3
54254003,A10,Banco.3
54254003,A13_1,9
54254003,A13_3,10
54255200,FF2,SI
54255200,FF3,SI. Duenoo o Socio/ Gerente/ Contador
54255200,FF4,Servicios  Profesionales
54255200,FF5_1,ENTRE $ 600.001 Y $ 1.000.000
54255200,FF7,AMBA
54255200,FF7_1,CABA OESTE
54255200,A2_1,Banco.6
54255200,A2_2,NS/NC
54255200,A3_1,Banco.5
54255200,A3_2,Banco.10
54255200,A9_6,Banco.6
54255200,A10,Banco.6
54255200,A13_6,8
54256177,FF2,SI
54256177,FF3,SI. Duenoo o Socio/ Gerente/ Contador
54256177,FF4,Comercio Minorista
54256177,FF5_1,ENTRE $ 1.000.001 Y $ 2.000.000
54256177,FF7,AMBA
54256177,FF7_1,GBA NORTE
54256177,A2_1,Banco.7
54256177,A2_2,Banco.15
54256177,A3_1,Banco.17
54256177,A3_2,Banco.2
54256177,A9_7,Banco.7
54256177,A9_15,Banco.15
54256177,A9_17,Banco.17
54256177,A10,Banco.7
54256177,A13_7,8
54256177,A13_15,9.0
54256177,A13_17,1
54257832,FF2,SI
54257832,FF3,SI. Duenoo o Socio/ Gerente/ Contador
54257832,FF4,Comercio Minorista
54257832,FF5_1,ENTRE $ 600.001 Y $ 1.000.000
54257832,FF7,AMBA
54257832,FF7_1,GBA OESTE
54257832,A2_1,Banco.3
54257832,A2_2,Banco.1
54257832,A3_1,Banco.13
54257832,A3_2,Banco.90
54257832,A9_1,Banco.1
54257832,A9_5,Banco.5
54257832,A9_13,Banco.13
54257832,A10,Banco.1
54257832,A13_1,9
54257832,A13_5,8.0
54257832,A13_13,7
54261806,FF2,SI
54261806,FF3,SI. Duenoo o Socio/ Gerente/ Contador
54261806,FF4,Comercio Minorista
54261806,FF5_1,ENTRE $ 1.000.001 Y $ 2.000.000
54261806,FF7,AMBA
54261806,FF7_1,CABA SUR
54261806,A2_1,Banco.1
54261806,A2_2,Banco.3
54261806,A3_1,Banco.9
54261806,A3_2,Banco.2
54261806,A9_2,Banco.2
54261806,A9_3,Banco.3
54261806,A9_16,Banco.16
54261806,A10,Banco.3
54261806,A13_2,7
54261806,A13_3,10
54261806,A13_16,9.0
54262524,FF2,SI
54262524,FF3,SI. Duenoo o Socio/ Gerente/ Contador
54262524,FF4,Comercio Mayorista
54262524,FF5_1,ENTRE $ 20 MM Y $ 25MM
54262524,FF7,AMBA
54262524,FF7_1,GBA OESTE
54262524,A2_1,NS/NC
54262524,A3_1,Banco.5
54262524,A3_2,Banco.9
54262524,A9_1,Banco.1
54262524,A9_3,Banco.3
54262524,A9_16,Banco.16
54262524,A10,Banco.1
54262524,A13_1,8
54262524,A13_3,7
54262524,A13_16,3.0
54263169,FF2,SI
54263169,FF3,SI. Duenoo o Socio/ Gerente/ Contador
54263169,FF4,Servicios  Profesionales
54263169,FF5_1,ENTRE $ 600.001 Y $ 1.000.000
54263169,FF7,AMBA
54263169,FF7_1,GBA NORTE
54263169,A2_1,Banco.3
54263169,A2_2,Banco.7
54263169,A3_1,Banco.1
54263169,A3_2,Banco.2
54263169,A9_1,Banco.1
54263169,A10,Banco.1
54263169,A13_1,NS/NC
54263623,FF2,SI
54263623,FF3,SI. Duenoo o Socio/ Gerente/ Contador
54263623,FF4,Servicios no Profesionales
54263623,FF5_1,ENTRE $ 1.000.001 Y $ 2.000.000
54263623,FF7,AMBA
54263623,FF7_1,GBA NORTE
54263623,A2_1,Banco.7
54263623,A2_2,Banco.3
54263623,A3_1,Banco.2
54263623,A3_2,Banco.9
54263623,A9_7,Banco.7
54263623,A10,Banco.7
54263623,A13_7,8
54264055,FF2,SI
54264055,FF3,SI. Duenoo o Socio/ Gerente/ Contador
54264055,FF4,Industria / Sector productivo
54264055,FF5_1,ENTRE $ 1.000.001 Y $ 2.000.000
54264055,FF7,AMBA
54264055,FF7_1,CABA SUR
54264055,A2_1,Banco.7
54264055,A2_2,NS/NC
54264055,A3_1,Banco.1
54264055,A3_2,Banco.13
54264055,A9_7,Banco.7
54264055,A10,Banco.7
54264055,A13_7,7
54264570,FF2,SI
54264570,FF3,SI. Duenoo o Socio/ Gerente/ Contador
54264570,FF4,Comercio Minorista
54264570,FF5_1,ENTRE $ 1.000.001 Y $ 2.000.000
54264570,FF7,AMBA
54264570,FF7_1,CABA SUR
54264570,A2_1,Banco.15
54264570,A2_2,Banco.1
54264570,A3_1,Banco.6
54264570,A3_2,NS/NC
54264570,A9_1,Banco.1
54264570,A9_7,Banco.7
54264570,A9_9,Banco.9
54264570,A10,Banco.1
54264570,A13_1,8
54264570,A13_7,8
54264570,A13_9,9
54265416,FF2,SI
54265416,FF3,SI. Duenoo o Socio/ Gerente/ Contador
54265416,FF4,Comercio Minorista
54265416,FF5_1,ENTRE $ 600.001 Y $ 1.000.000
54265416,FF7,AMBA
54265416,FF7_1,CABA OESTE
54265416,A2_1,Banco.6
54265416,A2_2,Banco.5
54265416,A3_1,Banco.91
54265416,A3_2,NS/NC
54265416,A9_6,Banco.6
54265416,A9_16,Banco.16
54265416,A10,Banco.6
54265416,A13_6,10
54265416,A13_16,10.0
54265926,FF2,SI
54265926,FF3,SI. Duenoo o Socio/ Gerente/ Contador
54265926,FF4,Servicios  Profesionales
54265926,FF5_1,ENTRE $ 600.001 Y $ 1.000.000
54265926,FF7,AMBA
54265926,FF7_1,GBA SUR
54265926,A2_1,Banco.16
54265926,A2_2,Banco.7
54265926,A3_1,NS/NC
54265926,A9_2,Banco.2
54265926,A9_7,Banco.7
54265926,A9_16,Banco.16
54265926,A10,Banco.16
54265926,A13_2,8
54265926,A13_7,9
54265926,A13_16,9.0
54266627,FF2,SI
54266627,FF3,SI. Duenoo o Socio/ Gerente/ Contador
54266627,FF4,Servicios  Profesionales
54266627,FF5_1,ENTRE $ 600.001 Y $ 1.000.000
54266627,FF7,AMBA
54266627,FF7_1,CABA OESTE
54266627,A2_1,Banco.1
54266627,A2_2,NS/NC
54266627,A3_1,Banco.15
54266627,A3_2,NS/NC
54266627,A9_1,Banco.1
54266627,A9_3,Banco.3
54266627,A10,Banco.1
54266627,A13_1,7
54266627,A13_3,7
54403987,FF2,SI
54403987,FF3,SI. Duenoo o Socio/ Gerente/ Contador
54403987,FF4,Servicios no Profesionales
54403987,FF5_1,ENTRE $ 600.001 Y $ 1.000.000
54403987,FF7,AMBA
54403987,FF7_1,GBA SUR
54403987,A2_1,Banco.2
54403987,A2_2,Banco.17
54403987,A3_1,Banco.7
54403987,A3_2,Banco.3
54403987,A9_17,Banco.17
54403987,A10,Banco.17
54403987,A13_17,8
54404388,FF2,SI
54404388,FF3,SI. Duenoo o Socio/ Gerente/ Contador
54404388,FF4,Comercio Mayorista
54404388,FF5_1,ENTRE $ 600.001 Y $ 1.000.000
54404388,FF7,AMBA
54404388,FF7_1,CABA NORTE
54404388,A2_1,Banco.7
54404388,A2_2,Banco.1
54404388,A3_1,NS/NC
54404388,A9_1,Banco.1
54404388,A9_7,Banco.7
54404388,A9_9,Banco.9
54404388,A9_15,Banco.15
54404388,A10,Banco.7
54404388,A13_1,6
54404388,A13_7,6
54404388,A13_9,NS/NC
54404388,A13_15,7.0
54404836,FF2,SI
54404836,FF3,SI. Duenoo o Socio/ Gerente/ Contador
54404836,FF4,Servicios no Profesionales
54404836,FF5_1,ENTRE $ 1.000.001 Y $ 2.000.000
54404836,FF7,AMBA
54404836,FF7_1,CABA OESTE
54404836,A2_1,Banco.1
54404836,A2_2,Banco.7
54404836,A3_1,Banco.2
54404836,A3_2,NS/NC
54404836,A9_1,Banco.1
54404836,A9_7,Banco.7
54404836,A10,Banco.1
54404836,A13_1,10
54404836,A13_7,10
54405360,FF2,SI
54405360,FF3,SI. Duenoo o Socio/ Gerente/ Contador
54405360,FF4,Servicios  Profesionales
54405360,FF5_1,ENTRE $ 600.001 Y $ 1.000.000
54405360,FF7,AMBA
54405360,FF7_1,CABA NORTE
54405360,A2_1,NS/NC
54405360,A3_1,NS/NC
54405360,A9_1,Banco.1
54405360,A9_9,Banco.9
54405360,A10,Banco.1
54405360,A13_1,NS/NC
54405360,A13_9,NS/NC
54405678,FF2,SI
54405678,FF3,SI. Duenoo o Socio/ Gerente/ Contador
54405678,FF4,Servicios  Profesionales
54405678,FF5_1,ENTRE $ 2.000.001 Y $ 3.000.000
54405678,FF7,AMBA
54405678,FF7_1,CABA SUR
54405678,A2_1,NS/NC
54405678,A3_1,Banco.1
54405678,A3_2,NS/NC
54405678,A9_3,Banco.3
54405678,A9_15,Banco.15
54405678,A10,Banco.3
54405678,A13_3,10
54405678,A13_15,10.0
54405991,FF2,SI
54405991,FF3,SI. Duenoo o Socio/ Gerente/ Contador
54405991,FF4,Comercio Mayorista
54405991,FF5_1,ENTRE $ 20 MM Y $ 25MM
54405991,FF7,AMBA
54405991,FF7_1,CABA OESTE
54405991,A2_1,Banco.9
54405991,A2_2,Banco.1
54405991,A3_1,Banco.3
54405991,A3_2,Banco.17
54405991,A9_5,Banco.5
54405991,A9_7,Banco.7
54405991,A10,Banco.7
54405991,A13_5,6.0
54405991,A13_7,8
54406448,FF2,SI
54406448,FF3,SI. Duenoo o Socio/ Gerente/ Contador
54406448,FF4,Comercio Minorista
54406448,FF5_1,ENTRE $ 1.000.001 Y $ 2.000.000
54406448,FF7,AMBA
54406448,FF7_1,CABA SUR
54406448,A2_1,Banco.7
54406448,A2_2,Banco.20
54406448,A3_1,Banco.2
54406448,A3_2,Banco.9
54406448,A9_7,Banco.7
54406448,A10,Banco.7
54406448,A13_7,10
54407075,FF2,SI
54407075,FF3,SI. Duenoo o Socio/ Gerente/ Contador
54407075,FF4,Servicios  Profesionales
54407075,FF5_1,ENTRE $ 600.001 Y $ 1.000.000
54407075,FF7,AMBA
54407075,FF7_1,CABA OESTE
54407075,A2_1,Banco.13
54407075,A2_2,Banco.90
54407075,A3_1,Banco.1
54407075,A3_2,Banco.7
54407075,A9_5,Banco.5
54407075,A10,Banco.5
54407075,A13_5,8.0
54407658,FF2,SI
54407658,FF3,SI. Duenoo o Socio/ Gerente/ Contador
54407658,FF4,Servicios no Profesionales
54407658,FF5_1,ENTRE $ 1.000.001 Y $ 2.000.000
54407658,FF7,AMBA
54407658,FF7_1,GBA OESTE
54407658,A2_1,Banco.5
54407658,A2_2,NS/NC
54407658,A3_1,NS/NC
54407658,A9_5,Banco.5
54407658,A10,Banco.5
54407658,A13_5,9.0
54408062,FF2,SI
54408062,FF3,SI. Duenoo o Socio/ Gerente/ Contador
54408062,FF4,Comercio Mayorista
54408062,FF5_1,ENTRE $ 5.000.001 Y $ 10 MM
54408062,FF7,AMBA
54408062,FF7_1,CABA OESTE
54408062,A2_1,Banco.5
54408062,A2_2,Banco.4
54408062,A3_1,Banco.3
54408062,A3_2,NS/NC
54408062,A9_5,Banco.5
54408062,A10,Banco.5
54408062,A13_5,10.0
54408398,FF2,SI
54408398,FF3,SI. Duenoo o Socio/ Gerente/ Contador
54408398,FF4,Servicios  Profesionales
54408398,FF5_1,ENTRE $ 600.001 Y $ 1.000.000
54408398,FF7,AMBA
54408398,FF7_1,GBA SUR
54408398,A2_1,Banco.6
54408398,A2_2,NS/NC
54408398,A3_1,Banco.15
54408398,A3_2,Banco.2
54408398,A9_6,Banco.6
54408398,A9_15,Banco.15
54408398,A10,Banco.6
54408398,A13_6,8
54408398,A13_15,1.0
54408760,FF2,SI
54408760,FF3,SI. Duenoo o Socio/ Gerente/ Contador
54408760,FF4,Comercio Minorista
54408760,FF5_1,ENTRE $ 1.000.001 Y $ 2.000.000
54408760,FF7,AMBA
54408760,FF7_1,CABA OESTE
54408760,A2_1,Banco.1
54408760,A2_2,Banco.3
54408760,A3_1,Banco.5
54408760,A3_2,NS/NC
54408760,A9_1,Banco.1
54408760,A9_3,Banco.3
54408760,A9_7,Banco.7
54408760,A10,Banco.3
54408760,A13_1,8
54408760,A13_3,10
54408760,A13_7,7
54409243,FF2,SI
54409243,FF3,SI. Duenoo o Socio/ Gerente/ Contador
54409243,FF4,Servicios  Profesionales
54409243,FF5_1,ENTRE $ 600.001 Y $ 1.000.000
54409243,FF7,AMBA
54409243,FF7_1,GBA SUR
54409243,A2_1,Banco.3
54409243,A2_2,Banco.9
54409243,A3_1,NS/NC
54409243,A9_3,Banco.3
54409243,A9_9,Banco.9
54409243,A10,Banco.3
54409243,A13_3,8
54409243,A13_9,NS/NC
54409664,FF2,SI
54409664,FF3,SI. Duenoo o Socio/ Gerente/ Contador
54409664,FF4,Servicios  Profesionales
54409664,FF5_1,ENTRE $ 600.001 Y $ 1.000.000
54409664,FF7,AMBA
54409664,FF7_1,CABA SUR
54409664,A2_1,Banco.3
54409664,A2_2,Banco.1
54409664,A3_1,Banco.10
54409664,A3_2,NS/NC
54409664,A9_7,Banco.7
54409664,A10,Banco.7
54409664,A13_7,6
54410001,FF2,SI
54410001,FF3,SI. Duenoo o Socio/ Gerente/ Contador
54410001,FF4,Comercio Minorista
54410001,FF5_1,ENTRE $ 1.000.001 Y $ 2.000.000
54410001,FF7,AMBA
54410001,FF7_1,CABA NORTE
54410001,A2_1,Banco.7
54410001,A2_2,Banco.1
54410001,A3_1,NS/NC
54410001,A9_1,Banco.1
54410001,A9_7,Banco.7
54410001,A10,Banco.1
54410001,A13_1,8
54410001,A13_7,10
54410558,FF2,SI
54410558,FF3,SI. Duenoo o Socio/ Gerente/ Contador
54410558,FF4,Servicios  Profesionales
54410558,FF5_1,ENTRE $ 600.001 Y $ 1.000.000
54410558,FF7,AMBA
54410558,FF7_1,CABA OESTE
54410558,A2_1,Banco.1
54410558,A2_2,Banco.7
54410558,A3_1,Banco.5
54410558,A3_2,Banco.17
54410558,A9_1,Banco.1
54410558,A9_7,Banco.7
54410558,A10,Banco.1
54410558,A13_1,9
54410558,A13_7,8
54411090,FF2,SI
54411090,FF3,SI. Duenoo o Socio/ Gerente/ Contador
54411090,FF4,Servicios  Profesionales
54411090,FF5_1,ENTRE $ 600.001 Y $ 1.000.000
54411090,FF7,AMBA
54411090,FF7_1,CABA OESTE
54411090,A2_1,NS/NC
54411090,A3_1,Banco.2
54411090,A3_2,Banco.9
54411090,A9_1,Banco.1
54411090,A9_17,Banco.17
54411090,A10,Banco.1
54411090,A13_1,10
54411090,A13_17,9
54411537,FF2,SI
54411537,FF3,SI. Duenoo o Socio/ Gerente/ Contador
54411537,FF4,Servicios  Profesionales
54411537,FF5_1,ENTRE $ 600.001 Y $ 1.000.000
54411537,FF7,AMBA
54411537,FF7_1,GBA SUR
54411537,A2_1,Banco.1
54411537,A2_2,Banco.3
54411537,A3_1,Banco.91
54411537,A3_2,NS/NC
54411537,A9_1,Banco.1
54411537,A10,Banco.1
54411537,A13_1,9
54411951,FF2,SI
54411951,FF3,SI. Duenoo o Socio/ Gerente/ Contador
54411951,FF4,Servicios  Profesionales
54411951,FF5_1,ENTRE $ 600.001 Y $ 1.000.000
54411951,FF7,AMBA
54411951,FF7_1,CABA NORTE
54411951,A2_1,Banco.1
54411951,A2_2,Banco.3
54411951,A3_1,NS/NC
54411951,A9_1,Banco.1
54411951,A9_3,Banco.3
54411951,A9_7,Banco.7
54411951,A10,Banco.1
54411951,A13_1,9
54411951,A13_3,8
54411951,A13_7,8
54412525,FF2,SI
54412525,FF3,SI. Duenoo o Socio/ Gerente/ Contador
54412525,FF4,Industria / Sector productivo
54412525,FF5_1,ENTRE $ 600.001 Y $ 1.000.000
54412525,FF7,AMBA
54412525,FF7_1,GBA OESTE
54412525,A2_1,Banco.3
54412525,A2_2,NS/NC
54412525,A3_1,Banco.5
54412525,A3_2,NS/NC
54412525,A9_3,Banco.3
54412525,A9_7,Banco.7
54412525,A10,Banco.3
54412525,A13_3,8
54412525,A13_7,7
54413012,FF2,SI
54413012,FF3,SI. Duenoo o Socio/ Gerente/ Contador
54413012,FF4,Industria / Sector productivo
54413012,FF5_1,ENTRE $ 1.000.001 Y $ 2.000.000
54413012,FF7,AMBA
54413012,FF7_1,GBA OESTE
54413012,A2_1,Banco.3
54413012,A2_2,Banco.15
54413012,A3_1,Banco.1
54413012,A3_2,NS/NC
54413012,A9_3,Banco.3
54413012,A10,Banco.3
54413012,A13_3,9
54413716,FF2,SI
54413716,FF3,SI. Duenoo o Socio/ Gerente/ Contador
54413716,FF4,Comercio Minorista
54413716,FF5_1,ENTRE $ 1.000.001 Y $ 2.000.000
54413716,FF7,AMBA
54413716,FF7_1,CABA NORTE
54413716,A2_1,Banco.7
54413716,A2_2,Banco.3
54413716,A3_1,Banco.15
54413716,A3_2,Banco.9
54413716,A9_2,Banco.2
54413716,A9_7,Banco.7
54413716,A10,Banco.2
54413716,A13_2,1
54413716,A13_7,4
54414170,FF2,SI
54414170,FF3,SI. Duenoo o Socio/ Gerente/ Contador
54414170,FF4,Comercio Minorista
54414170,FF5_1,ENTRE $ 600.001 Y $ 1.000.000
54414170,FF7,AMBA
54414170,FF7_1,CABA NORTE
54414170,A2_1,Banco.3
54414170,A2_2,Banco.4
54414170,A3_1,Banco.1
54414170,A3_2,Banco.9
54414170,A9_1,Banco.1
54414170,A9_13,Banco.13
54414170,A10,Banco.13
54414170,A13_1,2
54414170,A13_13,9
54414870,FF2,SI
54414870,FF3,SI. Duenoo o Socio/ Gerente/ Contador
54414870,FF4,Servicios  Profesionales
54414870,FF5_1,ENTRE $ 2.000.001 Y $ 3.000.000
54414870,FF7,Interior de Buenos Aires y La Pampa
54414870,FF7_2,Pilar
54414870,A2_1,Banco.9
54414870,A2_2,Banco.1
54414870,A3_1,NS/NC
54414870,A9_1,Banco.1
54414870,A9_9,Banco.9
54414870,A9_17,Banco.17
54414870,A10,Banco.1
54414870,A13_1,7
54414870,A13_9,8
54414870,A13_17,5
54415468,FF2,SI
54415468,FF3,SI. Duenoo o Socio/ Gerente/ Contador
54415468,FF4,Comercio Minorista
54415468,FF5_1,ENTRE $ 10 MM Y $ 15 MM
54415468,FF7,AMBA
54415468,FF7_1,CABA SUR
54415468,A2_1,Banco.1
54415468,A2_2,Banco.16
54415468,A3_1,Banco.7
54415468,A3_2,NS/NC
54415468,A9_1,Banco.1
54415468,A9_16,Banco.16
54415468,A10,Banco.1
54415468,A13_1,9
54415468,A13_16,9.0
54416489,FF2,SI
54416489,FF3,SI. Duenoo o Socio/ Gerente/ Contador
54416489,FF4,Servicios  Profesionales
54416489,FF5_1,ENTRE $ 600.001 Y $ 1.000.000
54416489,FF7,AMBA
54416489,FF7_1,GBA NORTE
54416489,A2_1,Banco.1
54416489,A2_2,Banco.7
54416489,A3_1,Banco.3
54416489,A3_2,Banco.4
54416489,A9_1,Banco.1
54416489,A9_7,Banco.7
54416489,A10,Banco.7
54416489,A13_1,10
54416489,A13_7,8
54417411,FF2,SI
54417411,FF3,SI. Duenoo o Socio/ Gerente/ Contador
54417411,FF4,Servicios no Profesionales
54417411,FF5_1,ENTRE $ 600.001 Y $ 1.000.000
54417411,FF7,AMBA
54417411,FF7_1,CABA NORTE
54417411,A2_1,Banco.1
54417411,A2_2,Banco.4
54417411,A3_1,Banco.9
54417411,A3_2,Banco.17
54417411,A9_1,Banco.1
54417411,A9_2,Banco.2
54417411,A10,Banco.2
54417411,A13_1,8
54417411,A13_2,9
54464559,FF2,SI
54464559,FF3,SI. Duenoo o Socio/ Gerente/ Contador
54464559,FF4,Servicios no Profesionales
54464559,FF5_1,ENTRE $ 600.001 Y $ 1.000.000
54464559,FF7,AMBA
54464559,FF7_1,CABA NORTE
54464559,A2_1,Banco.1
54464559,A2_2,Banco.10
54464559,A3_1,Banco.17
54464559,A3_2,Banco.90
54464559,A9_10,Banco.10
54464559,A10,Banco.10
54464559,A13_10,8.0
54464854,FF2,SI
54464854,FF3,SI. Duenoo o Socio/ Gerente/ Contador
54464854,FF4,Comercio Minorista
54464854,FF5_1,ENTRE $ 5.000.001 Y $ 10 MM
54464854,FF7,AMBA
54464854,FF7_1,CABA NORTE
54464854,A2_1,Banco.5
54464854,A2_2,Banco.7
54464854,A3_1,Banco.1
54464854,A3_2,NS/NC
54464854,A9_5,Banco.5
54464854,A10,Banco.5
54464854,A13_5,7.0
54465185,FF2,SI
54465185,FF3,SI. Duenoo o Socio/ Gerente/ Contador
54465185,FF4,Servicios  Profesionales
54465185,FF5_1,ENTRE $ 600.001 Y $ 1.000.000
54465185,FF7,AMBA
54465185,FF7_1,CABA NORTE
54465185,A2_1,Banco.1
54465185,A2_2,Banco.7
54465185,A3_1,Banco.2
54465185,A3_2,NS/NC
54465185,A9_1,Banco.1
54465185,A9_7,Banco.7
54465185,A10,Banco.1
54465185,A13_1,8
54465185,A13_7,8
54465499,FF2,SI
54465499,FF3,SI. Duenoo o Socio/ Gerente/ Contador
54465499,FF4,Comercio Minorista
54465499,FF5_1,ENTRE $ 2.000.001 Y $ 3.000.000
54465499,FF7,AMBA
54465499,FF7_1,CABA NORTE
54465499,A2_1,Banco.1
54465499,A2_2,Banco.3
54465499,A3_1,Banco.10
54465499,A3_2,Banco.90
54465499,A9_1,Banco.1
54465499,A9_7,Banco.7
54465499,A10,Banco.1
54465499,A13_1,9
54465499,A13_7,8
54465925,FF2,SI
54465925,FF3,SI. Duenoo o Socio/ Gerente/ Contador
54465925,FF4,Comercio Minorista
54465925,FF5_1,ENTRE $ 1.000.001 Y $ 2.000.000
54465925,FF7,AMBA
54465925,FF7_1,CABA NORTE
54465925,A2_1,Banco.3
54465925,A2_2,Banco.7
54465925,A3_1,Banco.9
54465925,A3_2,Banco.2
54465925,A9_2,Banco.2
54465925,A9_7,Banco.7
54465925,A10,Banco.2
54465925,A13_2,1
54465925,A13_7,4
54466325,FF2,SI
54466325,FF3,SI. Duenoo o Socio/ Gerente/ Contador
54466325,FF4,Comercio Minorista
54466325,FF5_1,ENTRE $ 600.001 Y $ 1.000.000
54466325,FF7,AMBA
54466325,FF7_1,CABA NORTE
54466325,A2_1,Banco.3
54466325,A2_2,Banco.1
54466325,A3_1,Banco.16
54466325,A3_2,Banco.7
54466325,A9_1,Banco.1
54466325,A9_3,Banco.3
54466325,A10,Banco.1
54466325,A13_1,10
54466325,A13_3,10
54466767,FF2,SI
54466767,FF3,SI. Duenoo o Socio/ Gerente/ Contador
54466767,FF4,Comercio Minorista
54466767,FF5_1,ENTRE $ 3.000.001 Y $ 5.000.000
54466767,FF7,AMBA
54466767,FF7_1,CABA NORTE
54466767,A2_1,Banco.7
54466767,A2_2,Banco.1
54466767,A3_1,Banco.9
54466767,A3_2,Banco.2
54466767,A9_1,Banco.1
54466767,A9_7,Banco.7
54466767,A9_20,Banco.20
54466767,A10,Banco.20
54466767,A13_1,9
54466767,A13_7,9
54466767,A13_20,6.0
54467225,FF2,SI
54467225,FF3,SI. Duenoo o Socio/ Gerente/ Contador
54467225,FF4,Servicios  Profesionales
54467225,FF5_1,ENTRE $ 600.001 Y $ 1.000.000
54467225,FF7,AMBA
54467225,FF7_1,CABA NORTE
54467225,A2_1,Banco.4
54467225,A2_2,Banco.1
54467225,A3_1,Banco.2
54467225,A3_2,Banco.9
54467225,A9_1,Banco.1
54467225,A9_4,Banco.4
54467225,A9_15,Banco.15
54467225,A10,Banco.1
54467225,A13_1,1
54467225,A13_4,1.0
54467225,A13_15,1.0
54467553,FF2,SI
54467553,FF3,SI. Duenoo o Socio/ Gerente/ Contador
54467553,FF4,Servicios  Profesionales
54467553,FF5_1,ENTRE $ 600.001 Y $ 1.000.000
54467553,FF7,AMBA
54467553,FF7_1,CABA NORTE
54467553,A2_1,Banco.15
54467553,A2_2,Banco.13
54467553,A3_1,Banco.1
54467553,A3_2,Banco.10
54467553,A9_13,Banco.13
54467553,A9_15,Banco.15
54467553,A10,Banco.15
54467553,A13_13,8
54467553,A13_15,8.0
54467877,FF2,SI
54467877,FF3,SI. Duenoo o Socio/ Gerente/ Contador
54467877,FF4,Comercio Minorista
54467877,FF5_1,ENTRE $ 1.000.001 Y $ 2.000.000
54467877,FF7,AMBA
54467877,FF7_1,CABA NORTE
54467877,A2_1,Banco.16
54467877,A2_2,Banco.3
54467877,A3_1,Banco.15
54467877,A3_2,Banco.90
54467877,A9_15,Banco.15
54467877,A9_16,Banco.16
54467877,A10,Banco.15
54467877,A13_15,5.0
54467877,A13_16,9.0
54468212,FF2,SI
54468212,FF3,SI. Duenoo o Socio/ Gerente/ Contador
54468212,FF4,Industria / Sector productivo
54468212,FF5_1,ENTRE $ 600.001 Y $ 1.000.000
54468212,FF7,AMBA
54468212,FF7_1,GBA OESTE
54468212,A2_1,NS/NC
54468212,A3_1,NS/NC
54468212,A9_3,Banco.3
54468212,A9_17,Banco.17
54468212,A10,Banco.3
54468212,A13_3,6
54468212,A13_17,NS/NC
54468584,FF2,SI
54468584,FF3,SI. Duenoo o Socio/ Gerente/ Contador
54468584,FF4,Servicios  Profesionales
54468584,FF5_1,ENTRE $ 600.001 Y $ 1.000.000
54468584,FF7,AMBA
54468584,FF7_1,CABA NORTE
54468584,A2_1,Banco.1
54468584,A2_2,Banco.20
54468584,A3_1,Banco.90
54468584,A3_2,Banco.9
54468584,A9_1,Banco.1
54468584,A10,Banco.1
54468584,A13_1,8
54468958,FF2,SI
54468958,FF3,SI. Duenoo o Socio/ Gerente/ Contador
54468958,FF4,Servicios no Profesionales
54468958,FF5_1,ENTRE $ 600.001 Y $ 1.000.000
54468958,FF7,AMBA
54468958,FF7_1,CABA OESTE
54468958,A2_1,Banco.3
54468958,A2_2,Banco.13
54468958,A3_1,NS/NC
54468958,A9_3,Banco.3
54468958,A10,Banco.3
54468958,A13_3,9
54469284,FF2,SI
54469284,FF3,SI. Duenoo o Socio/ Gerente/ Contador
54469284,FF4,Industria / Sector productivo
54469284,FF5_1,ENTRE $ 5.000.001 Y $ 10 MM
54469284,FF7,AMBA
54469284,FF7_1,CABA NORTE
54469284,A2_1,Banco.4
54469284,A2_2,Banco.1
54469284,A3_1,Banco.6
54469284,A3_2,Banco.7
54469284,A9_1,Banco.1
54469284,A9_4,Banco.4
54469284,A10,Banco.4
54469284,A13_1,7
54469284,A13_4,7.0
54469990,FF2,SI
54469990,FF3,SI. Duenoo o Socio/ Gerente/ Contador
54469990,FF4,Comercio Minorista
54469990,FF5_1,ENTRE $ 600.001 Y $ 1.000.000
54469990,FF7,AMBA
54469990,FF7_1,CABA NORTE
54469990,A2_1,Banco.4
54469990,A2_2,Banco.20
54469990,A3_1,Banco.3
54469990,A3_2,Banco.1
54469990,A9_1,Banco.1
54469990,A9_4,Banco.4
54469990,A10,Banco.1
54469990,A13_1,5
54469990,A13_4,8.0
54470442,FF2,SI
54470442,FF3,SI. Duenoo o Socio/ Gerente/ Contador
54470442,FF4,Servicios no Profesionales
54470442,FF5_1,ENTRE $ 1.000.001 Y $ 2.000.000
54470442,FF7,AMBA
54470442,FF7_1,GBA NORTE
54470442,A2_1,Banco.1
54470442,A2_2,Banco.7
54470442,A3_1,NS/NC
54470442,A9_1,Banco.1
54470442,A9_3,Banco.3
54470442,A10,Banco.1
54470442,A13_1,6
54470442,A13_3,5
54470932,FF2,SI
54470932,FF3,SI. Duenoo o Socio/ Gerente/ Contador
54470932,FF4,Servicios  Profesionales
54470932,FF5_1,ENTRE $ 600.001 Y $ 1.000.000
54470932,FF7,AMBA
54470932,FF7_1,CABA OESTE
54470932,A2_1,Banco.17
54470932,A2_2,Banco.16
54470932,A3_1,Banco.1
54470932,A3_2,Banco.15
54470932,A9_1,Banco.1
54470932,A9_17,Banco.17
54470932,A10,Banco.17
54470932,A13_1,NS/NC
54470932,A13_17,8
54471409,FF2,SI
54471409,FF3,SI. Duenoo o Socio/ Gerente/ Contador
54471409,FF4,Servicios  Profesionales
54471409,FF5_1,ENTRE $ 600.001 Y $ 1.000.000
54471409,FF7,AMBA
54471409,FF7_1,CABA SUR
54471409,A2_1,Banco.3
54471409,A2_2,Banco.1
54471409,A3_1,Banco.17
54471409,A3_2,NS/NC
54471409,A9_1,Banco.1
54471409,A9_3,Banco.3
54471409,A9_7,Banco.7
54471409,A10,Banco.1
54471409,A13_1,7
54471409,A13_3,8
54471409,A13_7,7
54471932,FF2,SI
54471932,FF3,SI. Duenoo o Socio/ Gerente/ Contador
54471932,FF4,Comercio Minorista
54471932,FF5_1,ENTRE $ 600.001 Y $ 1.000.000
54471932,FF7,AMBA
54471932,FF7_1,GBA NORTE
54471932,A2_1,Banco.1
54471932,A2_2,Banco.3
54471932,A3_1,Banco.6
54471932,A3_2,NS/NC
54471932,A9_1,Banco.1
54471932,A10,Banco.1
54471932,A13_1,8
54472330,FF2,SI
54472330,FF3,SI. Duenoo o Socio/ Gerente/ Contador
54472330,FF4,Servicios  Profesionales
54472330,FF5_1,ENTRE $ 600.001 Y $ 1.000.000
54472330,FF7,AMBA
54472330,FF7_1,CABA NORTE
54472330,A2_1,NS/NC
54472330,A3_1,NS/NC
54472330,A9_1,Banco.1
54472330,A9_9,Banco.9
54472330,A10,Banco.1
54472330,A13_1,7
54472330,A13_9,7
54472788,FF2,SI
54472788,FF3,SI. Duenoo o Socio/ Gerente/ Contador
54472788,FF4,Servicios  Profesionales
54472788,FF5_1,ENTRE $ 600.001 Y $ 1.000.000
54472788,FF7,AMBA
54472788,FF7_1,GBA SUR
54472788,A2_1,Banco.7
54472788,A2_2,Banco.17
54472788,A3_1,Banco.20
54472788,A3_2,Banco.13
54472788,A9_1,Banco.1
54472788,A9_2,Banco.2
54472788,A9_17,Banco.17
54472788,A10,Banco.17
54472788,A13_1,8
54472788,A13_2,8
54472788,A13_17,8
54473293,FF2,SI
54473293,FF3,SI. Duenoo o Socio/ Gerente/ Contador
54473293,FF4,Servicios  Profesionales
54473293,FF5_1,ENTRE $ 5.000.001 Y $ 10 MM
54473293,FF7,AMBA
54473293,FF7_1,GBA NORTE
54473293,A2_1,Banco.3
54473293,A2_2,Banco.1
54473293,A3_1,NS/NC
54473293,A9_3,Banco.3
54473293,A9_6,Banco.6
54473293,A10,Banco.3
54473293,A13_3,10
54473293,A13_6,10
54473734,FF2,SI
54473734,FF3,SI. Duenoo o Socio/ Gerente/ Contador
54473734,FF4,Servicios  Profesionales
54473734,FF5_1,ENTRE $ 600.001 Y $ 1.000.000
54473734,FF7,AMBA
54473734,FF7_1,CABA NORTE
54473734,A2_1,Banco.1
54473734,A2_2,Banco.3
54473734,A3_1,NS/NC
54473734,A9_1,Banco.1
54473734,A9_3,Banco.3
54473734,A9_9,Banco.9
54473734,A10,Banco.9
54473734,A13_1,8
54473734,A13_3,8
54473734,A13_9,4
54474105,FF2,SI
54474105,FF3,SI. Duenoo o Socio/ Gerente/ Contador
54474105,FF4,Servicios  Profesionales
54474105,FF5_1,ENTRE $ 1.000.001 Y $ 2.000.000
54474105,FF7,AMBA
54474105,FF7_1,CABA NORTE
54474105,A2_1,Banco.7
54474105,A2_2,Banco.1
54474105,A3_1,Banco.9
54474105,A3_2,NS/NC
54474105,A9_1,Banco.1
54474105,A9_7,Banco.7
54474105,A10,Banco.7
54474105,A13_1,6
54474105,A13_7,8
54474598,FF2,SI
54474598,FF3,SI. Duenoo o Socio/ Gerente/ Contador
54474598,FF4,Servicios  Profesionales
54474598,FF5_1,ENTRE $ 1.000.001 Y $ 2.000.000
54474598,FF7,AMBA
54474598,FF7_1,CABA NORTE
54474598,A2_1,NS/NC
54474598,A3_1,NS/NC
54474598,A9_1,Banco.1
54474598,A9_4,Banco.4
54474598,A9_9,Banco.9
54474598,A10,Banco.9
54474598,A13_1,8
54474598,A13_4,8.0
54474598,A13_9,8
54475155,FF2,SI
54475155,FF3,SI. Duenoo o Socio/ Gerente/ Contador
54475155,FF4,Servicios  Profesionales
54475155,FF5_1,ENTRE $ 600.001 Y $ 1.000.000
54475155,FF7,AMBA
54475155,FF7_1,GBA OESTE
54475155,A2_1,Banco.7
54475155,A2_2,NS/NC
54475155,A3_1,Banco.3
54475155,A3_2,Banco.2
54475155,A9_1,Banco.1
54475155,A10,Banco.1
54475155,A13_1,7
54475527,FF2,SI
54475527,FF3,SI. Duenoo o Socio/ Gerente/ Contador
54475527,FF4,Comercio Minorista
54475527,FF5_1,ENTRE $ 3.000.001 Y $ 5.000.000
54475527,FF7,AMBA
54475527,FF7_1,CABA NORTE
54475527,A2_1,Banco.6
54475527,A2_2,Banco.3
54475527,A3_1,Banco.1
54475527,A3_2,NS/NC
54475527,A9_3,Banco.3
54475527,A9_6,Banco.6
54475527,A10,Banco.6
54475527,A13_3,8
54475527,A13_6,8
54475987,FF2,SI
54475987,FF3,SI. Duenoo o Socio/ Gerente/ Contador
54475987,FF4,Servicios no Profesionales
54475987,FF5_1,ENTRE $ 1.000.001 Y $ 2.000.000
54475987,FF7,AMBA
54475987,FF7_1,CABA NORTE
54475987,A2_1,Banco.1
54475987,A2_2,NS/NC
54475987,A3_1,Banco.3
54475987,A3_2,NS/NC
54475987,A9_1,Banco.1
54475987,A9_3,Banco.3
54475987,A10,Banco.3
54475987,A13_1,5
54475987,A13_3,3
54476371,FF2,SI
54476371,FF3,SI. Duenoo o Socio/ Gerente/ Contador
54476371,FF4,Comercio Minorista
54476371,FF5_1,ENTRE $ 1.000.001 Y $ 2.000.000
54476371,FF7,AMBA
54476371,FF7_1,CABA NORTE
54476371,A2_1,Banco.7
54476371,A2_2,Banco.6
54476371,A3_1,Banco.1
54476371,A3_2,Banco.2
54476371,A9_7,Banco.7
54476371,A9_17,Banco.17
54476371,A10,Banco.17
54476371,A13_7,9
54476371,A13_17,8
54476947,FF2,SI
54476947,FF3,SI. Duenoo o Socio/ Gerente/ Contador
54476947,FF4,Comercio Minorista
54476947,FF5_1,ENTRE $ 3.000.001 Y $ 5.000.000
54476947,FF7,AMBA
54476947,FF7_1,CABA NORTE
54476947,A2_1,Banco.5
54476947,A2_2,Banco.13
54476947,A3_1,Banco.1
54476947,A3_2,NS/NC
54476947,A9_1,Banco.1
54476947,A9_3,Banco.3
54476947,A9_5,Banco.5
54476947,A9_10,Banco.10
54476947,A9_13,Banco.13
54476947,A10,Banco.5
54476947,A13_1,1
54476947,A13_3,7
54476947,A13_5,10.0
54476947,A13_10,9.0
54476947,A13_13,8
54477647,FF2,SI
54477647,FF3,SI. Duenoo o Socio/ Gerente/ Contador
54477647,FF4,Comercio Minorista
54477647,FF5_1,ENTRE $ 1.000.001 Y $ 2.000.000
54477647,FF7,AMBA
54477647,FF7_1,CABA NORTE
54477647,A2_1,Banco.7
54477647,A2_2,Banco.6
54477647,A3_1,Banco.1
54477647,A3_2,Banco.3
54477647,A9_3,Banco.3
54477647,A10,Banco.3
54477647,A13_3,5
54478026,FF2,SI
54478026,FF3,SI. Duenoo o Socio/ Gerente/ Contador
54478026,FF4,Servicios  Profesionales
54478026,FF5_1,ENTRE $ 1.000.001 Y $ 2.000.000
54478026,FF7,AMBA
54478026,FF7_1,CABA NORTE
54478026,A2_1,Banco.7
54478026,A2_2,Banco.4
54478026,A3_1,NS/NC
54478026,A9_4,Banco.4
54478026,A9_7,Banco.7
54478026,A10,Banco.7
54478026,A13_4,8.0
54478026,A13_7,9
54478428,FF2,SI
54478428,FF3,SI. Duenoo o Socio/ Gerente/ Contador
54478428,FF4,Servicios no Profesionales
54478428,FF5_1,ENTRE $ 5.000.001 Y $ 10 MM
54478428,FF7,AMBA
54478428,FF7_1,GBA SUR
54478428,A2_1,Banco.7
54478428,A2_2,Banco.3
54478428,A3_1,Banco.1
54478428,A3_2,Banco.9
54478428,A9_1,Banco.1
54478428,A10,Banco.1
54478428,A13_1,3
54478927,FF2,SI
54478927,FF3,SI. Duenoo o Socio/ Gerente/ Contador
54478927,FF4,Comercio Minorista
54478927,FF5_1,ENTRE $ 1.000.001 Y $ 2.000.000
54478927,FF7,AMBA
54478927,FF7_1,CABA NORTE
54478927,A2_1,Banco.7
54478927,A2_2,NS/NC
54478927,A3_1,Banco.1
54478927,A3_2,Banco.2
54478927,A9_7,Banco.7
54478927,A10,Banco.7
54478927,A13_7,7
54550316,FF2,SI
54550316,FF3,SI. Duenoo o Socio/ Gerente/ Contador
54550316,FF4,Servicios  Profesionales
54550316,FF5_1,ENTRE $ 1.000.001 Y $ 2.000.000
54550316,FF7,AMBA
54550316,FF7_1,GBA SUR
54550316,A2_1,Banco.4
54550316,A2_2,Banco.3
54550316,A3_1,NS/NC
54550316,A9_4,Banco.4
54550316,A10,Banco.4
54550316,A13_4,8.0
54550701,FF2,SI
54550701,FF3,SI. Duenoo o Socio/ Gerente/ Contador
54550701,FF4,Comercio Minorista
54550701,FF5_1,ENTRE $ 600.001 Y $ 1.000.000
54550701,FF7,AMBA
54550701,FF7_1,GBA NORTE
54550701,A2_1,NS/NC
54550701,A3_1,NS/NC
54550701,A9_1,Banco.1
54550701,A10,Banco.1
54550701,A13_1,7
54550986,FF2,SI
54550986,FF3,SI. Duenoo o Socio/ Gerente/ Contador
54550986,FF4,Comercio Minorista
54550986,FF5_1,ENTRE $ 1.000.001 Y $ 2.000.000
54550986,FF7,AMBA
54550986,FF7_1,GBA NORTE
54550986,A2_1,Banco.6
54550986,A2_2,Banco.3
54550986,A3_1,Banco.1
54550986,A3_2,Banco.2
54550986,A9_3,Banco.3
54550986,A9_17,Banco.17
54550986,A10,Banco.17
54550986,A13_3,6
54550986,A13_17,7
54551356,FF2,SI
54551356,FF3,SI. Duenoo o Socio/ Gerente/ Contador
54551356,FF4,Servicios  Profesionales
54551356,FF5_1,ENTRE $ 600.001 Y $ 1.000.000
54551356,FF7,AMBA
54551356,FF7_1,CABA OESTE
54551356,A2_1,Banco.3
54551356,A2_2,Banco.4
54551356,A3_1,Banco.9
54551356,A3_2,Banco.2
54551356,A9_3,Banco.3
54551356,A9_4,Banco.4
54551356,A9_9,Banco.9
54551356,A10,Banco.3
54551356,A13_3,7
54551356,A13_4,7.0
54551356,A13_9,5
54551762,FF2,SI
54551762,FF3,SI. Duenoo o Socio/ Gerente/ Contador
54551762,FF4,Servicios  Profesionales
54551762,FF5_1,ENTRE $ 1.000.001 Y $ 2.000.000
54551762,FF7,AMBA
54551762,FF7_1,CABA SUR
54551762,A2_1,Banco.6
54551762,A2_2,NS/NC
54551762,A3_1,Banco.3
54551762,A3_2,NS/NC
54551762,A9_1,Banco.1
54551762,A10,Banco.1
54551762,A13_1,7
54552125,FF2,SI
54552125,FF3,SI. Duenoo o Socio/ Gerente/ Contador
54552125,FF4,Servicios  Profesionales
54552125,FF5_1,ENTRE $ 600.001 Y $ 1.000.000
54552125,FF7,AMBA
54552125,FF7_1,CABA SUR
54552125,A2_1,Banco.16
54552125,A2_2,Banco.90
54552125,A3_1,NS/NC
54552125,A9_6,Banco.6
54552125,A10,Banco.6
54552125,A13_6,10
54552818,FF2,SI
54552818,FF3,SI. Duenoo o Socio/ Gerente/ Contador
54552818,FF4,Comercio Minorista
54552818,FF5_1,ENTRE $ 600.001 Y $ 1.000.000
54552818,FF7,AMBA
54552818,FF7_1,CABA OESTE
54552818,A2_1,Banco.9
54552818,A2_2,Banco.15
54552818,A3_1,Banco.3
54552818,A3_2,Banco.10
54552818,A9_3,Banco.3
54552818,A9_10,Banco.10
54552818,A10,Banco.10
54552818,A13_3,5
54552818,A13_10,5.0
54553351,FF2,SI
54553351,FF3,SI. Duenoo o Socio/ Gerente/ Contador
54553351,FF4,Comercio Minorista
54553351,FF5_1,ENTRE $ 600.001 Y $ 1.000.000
54553351,FF7,AMBA
54553351,FF7_1,CABA OESTE
54553351,A2_1,Banco.7
54553351,A2_2,Banco.1
54553351,A3_1,Banco.10
54553351,A3_2,Banco.3
54553351,A9_7,Banco.7
54553351,A9_9,Banco.9
54553351,A10,Banco.7
54553351,A13_7,8
54553351,A13_9,5
54553779,FF2,SI
54553779,FF3,SI. Duenoo o Socio/ Gerente/ Contador
54553779,FF4,Servicios  Profesionales
54553779,FF5_1,ENTRE $ 1.000.001 Y $ 2.000.000
54553779,FF7,AMBA
54553779,FF7_1,CABA OESTE
54553779,A2_1,Banco.1
54553779,A2_2,Banco.6
54553779,A3_1,Banco.17
54553779,A3_2,Banco.2
54553779,A9_1,Banco.1
54553779,A9_10,Banco.10
54553779,A10,Banco.10
54553779,A13_1,10
54553779,A13_10,8.0
54554563,FF2,SI
54554563,FF3,SI. Duenoo o Socio/ Gerente/ Contador
54554563,FF4,Servicios  Profesionales
54554563,FF5_1,ENTRE $ 1.000.001 Y $ 2.000.000
54554563,FF7,AMBA
54554563,FF7_1,GBA SUR
54554563,A2_1,Banco.1
54554563,A2_2,Banco.7
54554563,A3_1,Banco.2
54554563,A3_2,Banco.9
54554563,A9_1,Banco.1
54554563,A9_7,Banco.7
54554563,A10,Banco.1
54554563,A13_1,10
54554563,A13_7,9
54555254,FF2,SI
54555254,FF3,SI. Duenoo o Socio/ Gerente/ Contador
54555254,FF4,Industria / Sector productivo
54555254,FF5_1,ENTRE $ 5.000.001 Y $ 10 MM
54555254,FF7,AMBA
54555254,FF7_1,CABA SUR
54555254,A2_1,NS/NC
54555254,A3_1,NS/NC
54555254,A9_1,Banco.1
54555254,A9_2,Banco.2
54555254,A9_7,Banco.7
54555254,A9_10,Banco.10
54555254,A10,Banco.10
54555254,A13_1,1
54555254,A13_2,1
54555254,A13_7,1
54555254,A13_10,1.0
54555855,FF2,SI
54555855,FF3,SI. Duenoo o Socio/ Gerente/ Contador
54555855,FF4,Industria / Sector productivo
54555855,FF5_1,ENTRE $ 600.001 Y $ 1.000.000
54555855,FF7,AMBA
54555855,FF7_1,CABA OESTE
54555855,A2_1,Banco.5
54555855,A2_2,Banco.3
54555855,A3_1,Banco.9
54555855,A3_2,NS/NC
54555855,A9_1,Banco.1
54555855,A9_3,Banco.3
54555855,A9_5,Banco.5
54555855,A9_9,Banco.9
54555855,A10,Banco.5
54555855,A13_1,7
54555855,A13_3,8
54555855,A13_5,9.0
54555855,A13_9,4
54556582,FF2,SI
54556582,FF3,SI. Duenoo o Socio/ Gerente/ Contador
54556582,FF4,Industria / Sector productivo
54556582,FF5_1,ENTRE $ 1.000.001 Y $ 2.000.000
54556582,FF7,AMBA
54556582,FF7_1,GBA NORTE
54556582,A2_1,Banco.5
54556582,A2_2,Banco.7
54556582,A3_1,NS/NC
54556582,A9_2,Banco.2
54556582,A9_5,Banco.5
54556582,A9_6,Banco.6
54556582,A9_7,Banco.7
54556582,A10,Banco.2
54556582,A13_2,7
54556582,A13_5,8.0
54556582,A13_6,8
54556582,A13_7,8
54557342,FF2,SI
54557342,FF3,SI. Duenoo o Socio/ Gerente/ Contador
54557342,FF4,Servicios  Profesionales
54557342,FF5_1,ENTRE $ 600.001 Y $ 1.000.000
54557342,FF7,AMBA
54557342,FF7_1,CABA SUR
54557342,A2_1,Banco.5
54557342,A2_2,NS/NC
54557342,A3_1,Banco.4
54557342,A3_2,NS/NC
54557342,A9_1,Banco.1
54557342,A10,Banco.1
54557342,A13_1,NS/NC
54557986,FF2,SI
54557986,FF3,SI. Duenoo o Socio/ Gerente/ Contador
54557986,FF4,Servicios  Profesionales
54557986,FF5_1,ENTRE $ 1.000.001 Y $ 2.000.000
54557986,FF7,AMBA
54557986,FF7_1,GBA NORTE
54557986,A2_1,Banco.3
54557986,A2_2,NS/NC
54557986,A3_1,Banco.90
54557986,A3_2,NS/NC
54557986,A9_6,Banco.6
54557986,A10,Banco.6
54557986,A13_6,6
54558708,FF2,SI
54558708,FF3,SI. Duenoo o Socio/ Gerente/ Contador
54558708,FF4,Servicios  Profesionales
54558708,FF5_1,ENTRE $ 1.000.001 Y $ 2.000.000
54558708,FF7,AMBA
54558708,FF7_1,GBA NORTE
54558708,A2_1,Banco.17
54558708,A2_2,Banco.6
54558708,A3_1,Banco.7
54558708,A3_2,Banco.2
54558708,A9_6,Banco.6
54558708,A9_7,Banco.7
54558708,A9_17,Banco.17
54558708,A10,Banco.17
54558708,A13_6,7
54558708,A13_7,5
54558708,A13_17,10
54559275,FF2,SI
54559275,FF3,SI. Duenoo o Socio/ Gerente/ Contador
54559275,FF4,Servicios  Profesionales
54559275,FF5_1,ENTRE $ 600.001 Y $ 1.000.000
54559275,FF7,AMBA
54559275,FF7_1,GBA OESTE
54559275,A2_1,Banco.2
54559275,A2_2,NS/NC
54559275,A3_1,Banco.5
54559275,A3_2,NS/NC
54559275,A9_5,Banco.5
54559275,A9_7,Banco.7
54559275,A10,Banco.5
54559275,A13_5,1.0
54559275,A13_7,9
54559659,FF2,SI
54559659,FF3,SI. Duenoo o Socio/ Gerente/ Contador
54559659,FF4,Servicios  Profesionales
54559659,FF5_1,ENTRE $ 1.000.001 Y $ 2.000.000
54559659,FF7,AMBA
54559659,FF7_1,CABA OESTE
54559659,A2_1,Banco.20
54559659,A2_2,NS/NC
54559659,A3_1,Banco.10
54559659,A3_2,Banco.9
54559659,A9_17,Banco.17
54559659,A9_20,Banco.20
54559659,A10,Banco.20
54559659,A13_17,10
54559659,A13_20,10.0
54560172,FF2,SI
54560172,FF3,SI. Duenoo o Socio/ Gerente/ Contador
54560172,FF4,Comercio Minorista
54560172,FF5_1,ENTRE $ 2.000.001 Y $ 3.000.000
54560172,FF7,AMBA
54560172,FF7_1,CABA SUR
54560172,A2_1,Banco.7
54560172,A2_2,NS/NC
54560172,A3_1,Banco.1
54560172,A3_2,NS/NC
54560172,A9_5,Banco.5
54560172,A9_7,Banco.7
54560172,A10,Banco.5
54560172,A13_5,8.0
54560172,A13_7,6
54560588,FF2,SI
54560588,FF3,SI. Duenoo o Socio/ Gerente/ Contador
54560588,FF4,Comercio Minorista
54560588,FF5_1,ENTRE $ 600.001 Y $ 1.000.000
54560588,FF7,AMBA
54560588,FF7_1,GBA NORTE
54560588,A2_1,Banco.3
54560588,A2_2,Banco.1
54560588,A3_1,Banco.17
54560588,A3_2,NS/NC
54560588,A9_3,Banco.3
54560588,A9_17,Banco.17
54560588,A10,Banco.3
54560588,A13_3,9
54560588,A13_17,5
54561105,FF2,SI
54561105,FF3,SI. Duenoo o Socio/ Gerente/ Contador
54561105,FF4,Servicios  Profesionales
54561105,FF5_1,ENTRE $ 600.001 Y $ 1.000.000
54561105,FF7,AMBA
54561105,FF7_1,CABA OESTE
54561105,A2_1,Banco.3
54561105,A2_2,Banco.9
54561105,A3_1,NS/NC
54561105,A9_5,Banco.5
54561105,A9_7,Banco.7
54561105,A10,Banco.5
54561105,A13_5,8.0
54561105,A13_7,7
54561593,FF2,SI
54561593,FF3,SI. Duenoo o Socio/ Gerente/ Contador
54561593,FF4,Servicios  Profesionales
54561593,FF5_1,ENTRE $ 1.000.001 Y $ 2.000.000
54561593,FF7,AMBA
54561593,FF7_1,CABA OESTE
54561593,A2_1,Banco.7
54561593,A2_2,Banco.4
54561593,A3_1,Banco.9
54561593,A3_2,Banco.2
54561593,A9_3,Banco.3
54561593,A9_6,Banco.6
54561593,A9_7,Banco.7
54561593,A9_17,Banco.17
54561593,A10,Banco.7
54561593,A13_3,9
54561593,A13_6,9
54561593,A13_7,9
54561593,A13_17,4
54562369,FF2,SI
54562369,FF3,SI. Duenoo o Socio/ Gerente/ Contador
54562369,FF4,Comercio Minorista
54562369,FF5_1,ENTRE $ 600.001 Y $ 1.000.000
54562369,FF7,AMBA
54562369,FF7_1,CABA NORTE
54562369,A2_1,Banco.17
54562369,A2_2,Banco.6
54562369,A3_1,Banco.3
54562369,A3_2,Banco.90
54562369,A9_17,Banco.17
54562369,A10,Banco.17
54562369,A13_17,7
54562826,FF2,SI
54562826,FF3,SI. Duenoo o Socio/ Gerente/ Contador
54562826,FF4,Comercio Minorista
54562826,FF5_1,ENTRE $ 1.000.001 Y $ 2.000.000
54562826,FF7,AMBA
54562826,FF7_1,CABA NORTE
54562826,A2_1,Banco.1
54562826,A2_2,Banco.7
54562826,A3_1,Banco.15
54562826,A3_2,Banco.2
54562826,A9_1,Banco.1
54562826,A10,Banco.1
54562826,A13_1,5
54563642,FF2,SI
54563642,FF3,SI. Duenoo o Socio/ Gerente/ Contador
54563642,FF4,Comercio Minorista
54563642,FF5_1,ENTRE $ 1.000.001 Y $ 2.000.000
54563642,FF7,AMBA
54563642,FF7_1,GBA OESTE
54563642,A2_1,Banco.1
54563642,A2_2,Banco.2
54563642,A3_1,NS/NC
54563642,A9_1,Banco.1
54563642,A9_2,Banco.2
54563642,A9_7,Banco.7
54563642,A9_15,Banco.15
54563642,A10,Banco.2
54563642,A13_1,8
54563642,A13_2,3
54563642,A13_7,8
54563642,A13_15,9.0
54564520,FF2,SI
54564520,FF3,SI. Duenoo o Socio/ Gerente/ Contador
54564520,FF4,Servicios  Profesionales
54564520,FF5_1,ENTRE $ 600.001 Y $ 1.000.000
54564520,FF7,AMBA
54564520,FF7_1,GBA NORTE
54564520,A2_1,Banco.6
54564520,A2_2,Banco.1
54564520,A3_1,NS/NC
54564520,A9_1,Banco.1
54564520,A9_6,Banco.6
54564520,A10,Banco.6
54564520,A13_1,8
54564520,A13_6,8
54630677,FF2,SI
54630677,FF3,SI. Duenoo o Socio/ Gerente/ Contador
54630677,FF4,Servicios no Profesionales
54630677,FF5_1,ENTRE $ 3.000.001 Y $ 5.000.000
54630677,FF7,Cordoba
54630677,FF7_5,Cordoba (Cap)
54630677,A2_1,Banco.9
54630677,A2_2,Banco.29
54630677,A3_1,Banco.7
54630677,A3_2,Banco.10
54630677,A9_1,Banco.1
54630677,A9_29,Banco.29
54630677,A10,Banco.29
54630677,A13_1,7
54630677,A13_29,7.0
54631055,FF2,SI
54631055,FF3,SI. Duenoo o Socio/ Gerente/ Contador
54631055,FF4,Comercio Minorista
54631055,FF5_1,ENTRE $ 10 MM Y $ 15 MM
54631055,FF7,Cordoba
54631055,FF7_5,Cordoba (Cap)
54631055,A2_1,Banco.1
54631055,A2_2,Banco.10
54631055,A3_1,Banco.29
54631055,A3_2,Banco.3
54631055,A9_1,Banco.1
54631055,A10,Banco.1
54631055,A13_1,9
54631399,FF2,SI
54631399,FF3,SI. Duenoo o Socio/ Gerente/ Contador
54631399,FF4,Comercio Minorista
54631399,FF5_1,ENTRE $ 15 MM Y $ 20MM
54631399,FF7,Cordoba
54631399,FF7_5,Cordoba (Cap)
54631399,A2_1,Banco.7
54631399,A2_2,NS/NC
54631399,A3_1,Banco.1
54631399,A3_2,NS/NC
54631399,A9_1,Banco.1
54631399,A10,Banco.1
54631399,A13_1,4
54631692,FF2,SI
54631692,FF3,SI. Duenoo o Socio/ Gerente/ Contador
54631692,FF4,Servicios  Profesionales
54631692,FF5_1,ENTRE $ 1.000.001 Y $ 2.000.000
54631692,FF7,Cordoba
54631692,FF7_5,Cordoba (Cap)
54631692,A2_1,Banco.4
54631692,A2_2,Banco.10
54631692,A3_1,Banco.29
54631692,A3_2,Banco.1
54631692,A9_10,Banco.10
54631692,A10,Banco.10
54631692,A13_10,7.0
54631963,FF2,SI
54631963,FF3,SI. Duenoo o Socio/ Gerente/ Contador
54631963,FF4,Comercio Minorista
54631963,FF5_1,ENTRE $ 1.000.001 Y $ 2.000.000
54631963,FF7,Cordoba
54631963,FF7_5,Cordoba (Cap)
54631963,A2_1,Banco.7
54631963,A2_2,Banco.10
54631963,A3_1,Banco.3
54631963,A3_2,Banco.6
54631963,A9_10,Banco.10
54631963,A10,Banco.10
54631963,A13_10,8.0
54632205,FF2,SI
54632205,FF3,SI. Duenoo o Socio/ Gerente/ Contador
54632205,FF4,Comercio Minorista
54632205,FF5_1,ENTRE $ 600.001 Y $ 1.000.000
54632205,FF7,Cordoba
54632205,FF7_5,Cordoba (Cap)
54632205,A2_1,Banco.10
54632205,A2_2,Banco.7
54632205,A3_1,Banco.3
54632205,A3_2,Banco.20
54632205,A9_10,Banco.10
54632205,A10,Banco.10
54632205,A13_10,9.0
54632519,FF2,SI
54632519,FF3,SI. Duenoo o Socio/ Gerente/ Contador
54632519,FF4,Comercio Minorista
54632519,FF5_1,ENTRE $ 600.001 Y $ 1.000.000
54632519,FF7,Cordoba
54632519,FF7_5,Cordoba (Cap)
54632519,A2_1,Banco.10
54632519,A2_2,Banco.1
54632519,A3_1,NS/NC
54632519,A9_1,Banco.1
54632519,A9_10,Banco.10
54632519,A10,Banco.10
54632519,A13_1,9
54632519,A13_10,9.0
54632867,FF2,SI
54632867,FF3,SI. Duenoo o Socio/ Gerente/ Contador
54632867,FF4,Comercio Minorista
54632867,FF5_1,ENTRE $ 600.001 Y $ 1.000.000
54632867,FF7,Cordoba
54632867,FF7_5,Cordoba (Cap)
54632867,A2_1,Banco.1
54632867,A2_2,NS/NC
54632867,A3_1,Banco.7
54632867,A3_2,NS/NC
54632867,A9_1,Banco.1
54632867,A10,Banco.1
54632867,A13_1,6
54633098,FF2,SI
54633098,FF3,SI. Duenoo o Socio/ Gerente/ Contador
54633098,FF4,Industria / Sector productivo
54633098,FF5_1,ENTRE $ 3.000.001 Y $ 5.000.000
54633098,FF7,Cordoba
54633098,FF7_5,Cordoba (Cap)
54633098,A2_1,Banco.6
54633098,A2_2,Banco.1
54633098,A3_1,Banco.7
54633098,A3_2,Banco.5
54633098,A9_1,Banco.1
54633098,A9_29,Banco.29
54633098,A10,Banco.1
54633098,A13_1,9
54633098,A13_29,6.0
54633366,FF2,SI
54633366,FF3,SI. Duenoo o Socio/ Gerente/ Contador
54633366,FF4,Servicios no Profesionales
54633366,FF5_1,ENTRE $ 600.001 Y $ 1.000.000
54633366,FF7,Cordoba
54633366,FF7_5,Cordoba (Cap)
54633366,A2_1,Banco.10
54633366,A2_2,Banco.1
54633366,A3_1,Banco.6
54633366,A3_2,Banco.13
54633366,A9_10,Banco.10
54633366,A9_13,Banco.13
54633366,A10,Banco.10
54633366,A13_10,9.0
54633366,A13_13,5
54633841,FF2,SI
54633841,FF3,SI. Duenoo o Socio/ Gerente/ Contador
54633841,FF4,Servicios no Profesionales
54633841,FF5_1,ENTRE $ 25 MM Y $ 50 MM
54633841,FF7,Cordoba
54633841,FF7_5,Cordoba (Cap)
54633841,A2_1,Banco.7
54633841,A2_2,Banco.10
54633841,A3_1,NS/NC
54633841,A9_1,Banco.1
54633841,A9_7,Banco.7
54633841,A9_10,Banco.10
54633841,A10,Banco.10
54633841,A13_1,8
54633841,A13_7,9
54633841,A13_10,9.0
54634393,FF2,SI
54634393,FF3,SI. Duenoo o Socio/ Gerente/ Contador
54634393,FF4,Servicios no Profesionales
54634393,FF5_1,ENTRE $ 2.000.001 Y $ 3.000.000
54634393,FF7,Cordoba
54634393,FF7_5,Cordoba (Cap)
54634393,A2_1,Banco.3
54634393,A2_2,NS/NC
54634393,A3_1,Banco.7
54634393,A3_2,NS/NC
54634393,A9_3,Banco.3
54634393,A10,Banco.3
54634393,A13_3,9
54634735,FF2,SI
54634735,FF3,SI. Duenoo o Socio/ Gerente/ Contador
54634735,FF4,Comercio Minorista
54634735,FF5_1,ENTRE $ 600.001 Y $ 1.000.000
54634735,FF7,Cordoba
54634735,FF7_5,Cordoba (Cap)
54634735,A2_1,Banco.13
54634735,A2_2,Banco.29
54634735,A3_1,Banco.1
54634735,A3_2,Banco.7
54634735,A9_13,Banco.13
54634735,A9_29,Banco.29
54634735,A10,Banco.29
54634735,A13_13,9
54634735,A13_29,9.0
54635010,FF2,SI
54635010,FF3,SI. Duenoo o Socio/ Gerente/ Contador
54635010,FF4,Industria / Sector productivo
54635010,FF5_1,ENTRE $ 2.000.001 Y $ 3.000.000
54635010,FF7,Cordoba
54635010,FF7_5,Cordoba (Cap)
54635010,A2_1,Banco.6
54635010,A2_2,Banco.3
54635010,A3_1,Banco.7
54635010,A3_2,NS/NC
54635010,A9_3,Banco.3
54635010,A9_29,Banco.29
54635010,A10,Banco.29
54635010,A13_3,9
54635010,A13_29,9.0
54635322,FF2,SI
54635322,FF3,SI. Duenoo o Socio/ Gerente/ Contador
54635322,FF4,Servicios  Profesionales
54635322,FF5_1,ENTRE $ 600.001 Y $ 1.000.000
54635322,FF7,Cordoba
54635322,FF7_5,Cordoba (Cap)
54635322,A2_1,Banco.10
54635322,A2_2,Banco.7
54635322,A3_1,NS/NC
54635322,A9_7,Banco.7
54635322,A9_9,Banco.9
54635322,A10,Banco.9
54635322,A13_7,9
54635322,A13_9,9
54635694,FF2,SI
54635694,FF3,SI. Duenoo o Socio/ Gerente/ Contador
54635694,FF4,Servicios  Profesionales
54635694,FF5_1,ENTRE $ 600.001 Y $ 1.000.000
54635694,FF7,Cordoba
54635694,FF7_5,Cordoba (Cap)
54635694,A2_1,Banco.29
54635694,A2_2,Banco.1
54635694,A3_1,NS/NC
54635694,A9_1,Banco.1
54635694,A9_29,Banco.29
54635694,A10,Banco.29
54635694,A13_1,7
54635694,A13_29,8.0
54636329,FF2,SI
54636329,FF3,SI. Duenoo o Socio/ Gerente/ Contador
54636329,FF4,Industria / Sector productivo
54636329,FF5_1,ENTRE $ 3.000.001 Y $ 5.000.000
54636329,FF7,Cordoba
54636329,FF7_5,Cordoba (Cap)
54636329,A2_1,Banco.7
54636329,A2_2,Banco.9
54636329,A3_1,Banco.1
54636329,A3_2,Banco.4
54636329,A9_3,Banco.3
54636329,A9_9,Banco.9
54636329,A10,Banco.9
54636329,A13_3,5
54636329,A13_9,5
54636798,FF2,SI
54636798,FF3,SI. Duenoo o Socio/ Gerente/ Contador
54636798,FF4,Servicios no Profesionales
54636798,FF5_1,ENTRE $ 3.000.001 Y $ 5.000.000
54636798,FF7,Cordoba
54636798,FF7_5,Cordoba (Cap)
54636798,A2_1,Banco.1
54636798,A2_2,Banco.9
54636798,A3_1,Banco.3
54636798,A3_2,NS/NC
54636798,A9_5,Banco.5
54636798,A10,Banco.5
54636798,A13_5,9.0
54637057,FF2,SI
54637057,FF3,SI. Duenoo o Socio/ Gerente/ Contador
54637057,FF4,Servicios  Profesionales
54637057,FF5_1,ENTRE $ 2.000.001 Y $ 3.000.000
54637057,FF7,AMBA
54637057,FF7_1,GBA OESTE
54637057,A2_1,Banco.16
54637057,A2_2,Banco.7
54637057,A3_1,Banco.5
54637057,A3_2,Banco.90
54637057,A9_7,Banco.7
54637057,A9_16,Banco.16
54637057,A10,Banco.16
54637057,A13_7,5
54637057,A13_16,10.0
54637654,FF2,SI
54637654,FF3,SI. Duenoo o Socio/ Gerente/ Contador
54637654,FF4,Comercio Minorista
54637654,FF5_1,ENTRE $ 1.000.001 Y $ 2.000.000
54637654,FF7,AMBA
54637654,FF7_1,CABA OESTE
54637654,A2_1,NS/NC
54637654,A3_1,NS/NC
54637654,A9_5,Banco.5
54637654,A10,Banco.5
54637654,A13_5,10.0
54637937,FF2,SI
54637937,FF3,SI. Duenoo o Socio/ Gerente/ Contador
54637937,FF4,Industria / Sector productivo
54637937,FF5_1,ENTRE $ 3.000.001 Y $ 5.000.000
54637937,FF7,AMBA
54637937,FF7_1,CABA OESTE
54637937,A2_1,Banco.2
54637937,A2_2,Banco.1
54637937,A3_1,Banco.9
54637937,A3_2,Banco.4
54637937,A9_1,Banco.1
54637937,A9_2,Banco.2
54637937,A10,Banco.2
54637937,A13_1,7
54637937,A13_2,7
54638665,FF2,SI
54638665,FF3,SI. Duenoo o Socio/ Gerente/ Contador
54638665,FF4,Servicios  Profesionales
54638665,FF5_1,ENTRE $ 1.000.001 Y $ 2.000.000
54638665,FF7,AMBA
54638665,FF7_1,CABA NORTE
54638665,A2_1,NS/NC
54638665,A3_1,NS/NC
54638665,A9_3,Banco.3
54638665,A9_7,Banco.7
54638665,A10,Banco.3
54638665,A13_3,NS/NC
54638665,A13_7,NS/NC
54639009,FF2,SI
54639009,FF3,SI. Duenoo o Socio/ Gerente/ Contador
54639009,FF4,Servicios no Profesionales
54639009,FF5_1,ENTRE $ 25 MM Y $ 50 MM
54639009,FF7,AMBA
54639009,FF7_1,CABA OESTE
54639009,A2_1,NS/NC
54639009,A3_1,NS/NC
54639009,A9_1,Banco.1
54639009,A10,Banco.1
54639009,A13_1,6
54639434,FF2,SI
54639434,FF3,SI. Duenoo o Socio/ Gerente/ Contador
54639434,FF4,Comercio Minorista
54639434,FF5_1,ENTRE $ 2.000.001 Y $ 3.000.000
54639434,FF7,AMBA
54639434,FF7_1,CABA OESTE
54639434,A2_1,Banco.16
54639434,A2_2,NS/NC
54639434,A3_1,Banco.9
54639434,A3_2,Banco.15
54639434,A9_16,Banco.16
54639434,A10,Banco.16
54639434,A13_16,10.0
54639823,FF2,SI
54639823,FF3,SI. Duenoo o Socio/ Gerente/ Contador
54639823,FF4,Servicios  Profesionales
54639823,FF5_1,ENTRE $ 3.000.001 Y $ 5.000.000
54639823,FF7,AMBA
54639823,FF7_1,CABA NORTE
54639823,A2_1,Banco.3
54639823,A2_2,Banco.20
54639823,A3_1,Banco.6
54639823,A3_2,Banco.7
54639823,A9_3,Banco.3
54639823,A10,Banco.3
54639823,A13_3,7
54640211,FF2,SI
54640211,FF3,SI. Duenoo o Socio/ Gerente/ Contador
54640211,FF4,Servicios  Profesionales
54640211,FF5_1,ENTRE $ 600.001 Y $ 1.000.000
54640211,FF7,AMBA
54640211,FF7_1,GBA SUR
54640211,A2_1,Banco.5
54640211,A2_2,NS/NC
54640211,A3_1,Banco.3
54640211,A3_2,NS/NC
54640211,A9_5,Banco.5
54640211,A10,Banco.5
54640211,A13_5,9.0
54640682,FF2,SI
54640682,FF3,SI. Duenoo o Socio/ Gerente/ Contador
54640682,FF4,Comercio Minorista
54640682,FF5_1,ENTRE $ 5.000.001 Y $ 10 MM
54640682,FF7,AMBA
54640682,FF7_1,GBA OESTE
54640682,A2_1,Banco.3
54640682,A2_2,Banco.5
54640682,A3_1,Banco.7
54640682,A3_2,Banco.2
54640682,A9_3,Banco.3
54640682,A10,Banco.3
54640682,A13_3,8
54641089,FF2,SI
54641089,FF3,SI. Duenoo o Socio/ Gerente/ Contador
54641089,FF4,Industria / Sector productivo
54641089,FF5_1,ENTRE $ 5.000.001 Y $ 10 MM
54641089,FF7,AMBA
54641089,FF7_1,GBA OESTE
54641089,A2_1,NS/NC
54641089,A3_1,Banco.90
54641089,A3_2,NS/NC
54641089,A9_5,Banco.5
54641089,A9_13,Banco.13
54641089,A10,Banco.5
54641089,A13_5,7.0
54641089,A13_13,NS/NC
54641567,FF2,SI
54641567,FF3,SI. Duenoo o Socio/ Gerente/ Contador
54641567,FF4,Comercio Minorista
54641567,FF5_1,ENTRE $ 5.000.001 Y $ 10 MM
54641567,FF7,AMBA
54641567,FF7_1,GBA OESTE
54641567,A2_1,Banco.1
54641567,A2_2,Banco.10
54641567,A3_1,Banco.9
54641567,A3_2,Banco.17
54641567,A9_1,Banco.1
54641567,A9_9,Banco.9
54641567,A9_10,Banco.10
54641567,A9_20,Banco.20
54641567,A10,Banco.9
54641567,A13_1,10
54641567,A13_9,7
54641567,A13_10,10.0
54641567,A13_20,6.0
54642451,FF2,SI
54642451,FF3,SI. Duenoo o Socio/ Gerente/ Contador
54642451,FF4,Comercio Mayorista
54642451,FF5_1,ENTRE $ 600.001 Y $ 1.000.000
54642451,FF7,AMBA
54642451,FF7_1,GBA NORTE
54642451,A2_1,Banco.4
54642451,A2_2,Banco.7
54642451,A3_1,NS/NC
54642451,A9_1,Banco.1
54642451,A9_4,Banco.4
54642451,A9_7,Banco.7
54642451,A10,Banco.7
54642451,A13_1,5
54642451,A13_4,8.0
54642451,A13_7,9
55945815,FF2,SI
55945815,FF3,SI. Duenoo o Socio/ Gerente/ Contador
55945815,FF4,Servicios  Profesionales
55945815,FF5_1,ENTRE $ 600.001 Y $ 1.000.000
55945815,FF7,AMBA
55945815,FF7_1,CABA SUR
55945815,A2_1,NS/NC
55945815,A3_1,NS/NC
55945815,A9_1,Banco.1
55945815,A9_16,Banco.16
55945815,A10,Banco.1
55945815,A13_1,6
55945815,A13_16,6.0
55946430,FF2,SI
55946430,FF3,SI. Duenoo o Socio/ Gerente/ Contador
55946430,FF4,Comercio Minorista
55946430,FF5_1,ENTRE $ 600.001 Y $ 1.000.000
55946430,FF7,AMBA
55946430,FF7_1,GBA OESTE
55946430,A2_1,Banco.6
55946430,A2_2,Banco.1
55946430,A3_1,Banco.2
55946430,A3_2,Banco.9
55946430,A9_1,Banco.1
55946430,A9_6,Banco.6
55946430,A9_7,Banco.7
55946430,A10,Banco.1
55946430,A13_1,8
55946430,A13_6,8
55946430,A13_7,8
55946847,FF2,SI
55946847,FF3,SI. Duenoo o Socio/ Gerente/ Contador
55946847,FF4,Comercio Minorista
55946847,FF5_1,ENTRE $ 600.001 Y $ 1.000.000
55946847,FF7,AMBA
55946847,FF7_1,CABA OESTE
55946847,A2_1,Banco.1
55946847,A2_2,NS/NC
55946847,A3_1,Banco.15
55946847,A3_2,NS/NC
55946847,A9_1,Banco.1
55946847,A9_7,Banco.7
55946847,A10,Banco.1
55946847,A13_1,8
55946847,A13_7,8
55947153,FF2,SI
55947153,FF3,SI. Duenoo o Socio/ Gerente/ Contador
55947153,FF4,Servicios no Profesionales
55947153,FF5_1,ENTRE $ 600.001 Y $ 1.000.000
55947153,FF7,AMBA
55947153,FF7_1,CABA OESTE
55947153,A2_1,Banco.3
55947153,A2_2,Banco.20
55947153,A3_1,NS/NC
55947153,A9_9,Banco.9
55947153,A9_10,Banco.10
55947153,A10,Banco.10
55947153,A13_9,5
55947153,A13_10,6.0
55947500,FF2,SI
55947500,FF3,SI. Duenoo o Socio/ Gerente/ Contador
55947500,FF4,Servicios  Profesionales
55947500,FF5_1,ENTRE $ 600.001 Y $ 1.000.000
55947500,FF7,AMBA
55947500,FF7_1,CABA OESTE
55947500,A2_1,Banco.4
55947500,A2_2,Banco.3
55947500,A3_1,Banco.5
55947500,A3_2,Banco.7
55947500,A9_1,Banco.1
55947500,A10,Banco.1
55947500,A13_1,8
55947809,FF2,SI
55947809,FF3,SI. Duenoo o Socio/ Gerente/ Contador
55947809,FF4,Comercio Minorista
55947809,FF5_1,ENTRE $ 600.001 Y $ 1.000.000
55947809,FF7,AMBA
55947809,FF7_1,GBA SUR
55947809,A2_1,NS/NC
55947809,A3_1,NS/NC
55947809,A9_2,Banco.2
55947809,A9_13,Banco.13
55947809,A10,Banco.2
55947809,A13_2,NS/NC
55947809,A13_13,NS/NC
55948105,FF2,SI
55948105,FF3,SI. Duenoo o Socio/ Gerente/ Contador
55948105,FF4,Servicios no Profesionales
55948105,FF5_1,ENTRE $ 600.001 Y $ 1.000.000
55948105,FF7,Cuyo
55948105,FF7_7,Guaymallen (GM)  (Mendoza)
55948105,A2_1,Banco.20
55948105,A2_2,Banco.9
55948105,A3_1,Banco.7
55948105,A3_2,Banco.13
55948105,A9_20,Banco.20
55948105,A10,Banco.20
55948105,A13_20,7.0
55948356,FF2,SI
55948356,FF3,SI. Duenoo o Socio/ Gerente/ Contador
55948356,FF4,Servicios  Profesionales
55948356,FF5_1,ENTRE $ 1.000.001 Y $ 2.000.000
55948356,FF7,Cuyo
55948356,FF7_7,Mendoza Cap. (Mendoza)
55948356,A2_1,Banco.90
55948356,A2_2,Banco.4
55948356,A3_1,Banco.13
55948356,A3_2,Banco.1
55948356,A9_4,Banco.4
55948356,A9_6,Banco.6
55948356,A9_20,Banco.20
55948356,A10,Banco.20
55948356,A13_4,6.0
55948356,A13_6,6
55948356,A13_20,8.0
55948880,FF2,SI
55948880,FF3,SI. Duenoo o Socio/ Gerente/ Contador
55948880,FF4,Comercio Minorista
55948880,FF5_1,ENTRE $ 1.000.001 Y $ 2.000.000
55948880,FF7,AMBA
55948880,FF7_1,CABA NORTE
55948880,A2_1,Banco.7
55948880,A2_2,NS/NC
55948880,A3_1,Banco.1
55948880,A3_2,Banco.9
55948880,A9_7,Banco.7
55948880,A10,Banco.7
55948880,A13_7,6
55949208,FF2,SI
55949208,FF3,SI. Duenoo o Socio/ Gerente/ Contador
55949208,FF4,Servicios no Profesionales
55949208,FF5_1,ENTRE $ 1.000.001 Y $ 2.000.000
55949208,FF7,AMBA
55949208,FF7_1,GBA NORTE
55949208,A2_1,NS/NC
55949208,A3_1,NS/NC
55949208,A9_2,Banco.2
55949208,A9_3,Banco.3
55949208,A10,Banco.2
55949208,A13_2,7
55949208,A13_3,1
55949522,FF2,SI
55949522,FF3,SI. Duenoo o Socio/ Gerente/ Contador
55949522,FF4,Comercio Minorista
55949522,FF5_1,ENTRE $ 600.001 Y $ 1.000.000
55949522,FF7,AMBA
55949522,FF7_1,GBA NORTE
55949522,A2_1,Banco.7
55949522,A2_2,Banco.2
55949522,A3_1,Banco.1
55949522,A3_2,Banco.9
55949522,A9_7,Banco.7
55949522,A9_10,Banco.10
55949522,A10,Banco.7
55949522,A13_7,8
55949522,A13_10,1.0
55949846,FF2,SI
55949846,FF3,SI. Duenoo o Socio/ Gerente/ Contador
55949846,FF4,Comercio Minorista
55949846,FF5_1,ENTRE $ 2.000.001 Y $ 3.000.000
55949846,FF7,AMBA
55949846,FF7_1,CABA SUR
55949846,A2_1,Banco.7
55949846,A2_2,NS/NC
55949846,A3_1,NS/NC
55949846,A9_4,Banco.4
55949846,A9_9,Banco.9
55949846,A10,Banco.4
55949846,A13_4,7.0
55949846,A13_9,7
55950581,FF2,SI
55950581,FF3,SI. Duenoo o Socio/ Gerente/ Contador
55950581,FF4,Comercio Minorista
55950581,FF5_1,ENTRE $ 600.001 Y $ 1.000.000
55950581,FF7,AMBA
55950581,FF7_1,CABA OESTE
55950581,A2_1,Banco.7
55950581,A2_2,Banco.13
55950581,A3_1,Banco.1
55950581,A3_2,Banco.9
55950581,A9_6,Banco.6
55950581,A10,Banco.6
55950581,A13_6,8
55954102,FF2,SI
55954102,FF3,SI. Duenoo o Socio/ Gerente/ Contador
55954102,FF4,Servicios no Profesionales
55954102,FF5_1,ENTRE $ 600.001 Y $ 1.000.000
55954102,FF7,AMBA
55954102,FF7_1,GBA NORTE
55954102,A2_1,Banco.3
55954102,A2_2,Banco.7
55954102,A3_1,Banco.16
55954102,A3_2,Banco.2
55954102,A9_1,Banco.1
55954102,A10,Banco.1
55954102,A13_1,5
55955140,FF2,SI
55955140,FF3,SI. Duenoo o Socio/ Gerente/ Contador
55955140,FF4,Comercio Mayorista
55955140,FF5_1,ENTRE $ 2.000.001 Y $ 3.000.000
55955140,FF7,AMBA
55955140,FF7_1,CABA SUR
55955140,A2_1,Banco.6
55955140,A2_2,Banco.5
55955140,A3_1,Banco.7
55955140,A3_2,Banco.4
55955140,A9_5,Banco.5
55955140,A9_6,Banco.6
55955140,A9_7,Banco.7
55955140,A10,Banco.5
55955140,A13_5,10.0
55955140,A13_6,10
55955140,A13_7,6
55956191,FF2,SI
55956191,FF3,SI. Duenoo o Socio/ Gerente/ Contador
55956191,FF4,Servicios  Profesionales
55956191,FF5_1,ENTRE $ 600.001 Y $ 1.000.000
55956191,FF7,AMBA
55956191,FF7_1,GBA NORTE
55956191,A2_1,Banco.3
55956191,A2_2,Banco.2
55956191,A3_1,Banco.20
55956191,A3_2,NS/NC
55956191,A9_2,Banco.2
55956191,A9_20,Banco.20
55956191,A10,Banco.20
55956191,A13_2,10
55956191,A13_20,1.0
55956974,FF2,SI
55956974,FF3,SI. Duenoo o Socio/ Gerente/ Contador
55956974,FF4,Comercio Minorista
55956974,FF5_1,ENTRE $ 1.000.001 Y $ 2.000.000
55956974,FF7,AMBA
55956974,FF7_1,CABA OESTE
55956974,A2_1,Banco.1
55956974,A2_2,Banco.4
55956974,A3_1,Banco.7
55956974,A3_2,Banco.3
55956974,A9_1,Banco.1
55956974,A9_4,Banco.4
55956974,A9_16,Banco.16
55956974,A10,Banco.1
55956974,A13_1,9
55956974,A13_4,7.0
55956974,A13_16,9.0
55958429,FF2,SI
55958429,FF3,SI. Duenoo o Socio/ Gerente/ Contador
55958429,FF4,Industria / Sector productivo
55958429,FF5_1,ENTRE $ 2.000.001 Y $ 3.000.000
55958429,FF7,AMBA
55958429,FF7_1,CABA OESTE
55958429,A2_1,Banco.4
55958429,A2_2,Banco.7
55958429,A3_1,Banco.90
55958429,A3_2,NS/NC
55958429,A9_2,Banco.2
55958429,A9_7,Banco.7
55958429,A9_10,Banco.10
55958429,A10,Banco.7
55958429,A13_2,10
55958429,A13_7,10
55958429,A13_10,10.0
55959325,FF2,SI
55959325,FF3,SI. Duenoo o Socio/ Gerente/ Contador
55959325,FF4,Servicios no Profesionales
55959325,FF5_1,ENTRE $ 600.001 Y $ 1.000.000
55959325,FF7,AMBA
55959325,FF7_1,GBA OESTE
55959325,A2_1,Banco.3
55959325,A2_2,Banco.2
55959325,A3_1,Banco.7
55959325,A3_2,Banco.90
55959325,A9_2,Banco.2
55959325,A9_3,Banco.3
55959325,A9_6,Banco.6
55959325,A10,Banco.2
55959325,A13_2,7
55959325,A13_3,7
55959325,A13_6,7
55959875,FF2,SI
55959875,FF3,SI. Duenoo o Socio/ Gerente/ Contador
55959875,FF4,Servicios  Profesionales
55959875,FF5_1,ENTRE $ 10 MM Y $ 15 MM
55959875,FF7,AMBA
55959875,FF7_1,CABA SUR
55959875,A2_1,Banco.3
55959875,A2_2,Banco.1
55959875,A3_1,Banco.10
55959875,A3_2,NS/NC
55959875,A9_3,Banco.3
55959875,A9_20,Banco.20
55959875,A10,Banco.3
55959875,A13_3,8
55959875,A13_20,7.0
55960394,FF2,SI
55960394,FF3,SI. Duenoo o Socio/ Gerente/ Contador
55960394,FF4,Servicios  Profesionales
55960394,FF5_1,ENTRE $ 2.000.001 Y $ 3.000.000
55960394,FF7,AMBA
55960394,FF7_1,GBA NORTE
55960394,A2_1,Banco.7
55960394,A2_2,NS/NC
55960394,A3_1,Banco.4
55960394,A3_2,NS/NC
55960394,A9_7,Banco.7
55960394,A9_9,Banco.9
55960394,A10,Banco.9
55960394,A13_7,9
55960394,A13_9,1
55961021,FF2,SI
55961021,FF3,SI. Duenoo o Socio/ Gerente/ Contador
55961021,FF4,Comercio Minorista
55961021,FF5_1,ENTRE $ 600.001 Y $ 1.000.000
55961021,FF7,AMBA
55961021,FF7_1,CABA SUR
55961021,A2_1,Banco.7
55961021,A2_2,Banco.13
55961021,A3_1,NS/NC
55961021,A9_1,Banco.1
55961021,A9_13,Banco.13
55961021,A10,Banco.1
55961021,A13_1,7
55961021,A13_13,8
55961482,FF2,SI
55961482,FF3,SI. Duenoo o Socio/ Gerente/ Contador
55961482,FF4,Comercio Minorista
55961482,FF5_1,ENTRE $ 600.001 Y $ 1.000.000
55961482,FF7,AMBA
55961482,FF7_1,CABA OESTE
55961482,A2_1,NS/NC
55961482,A3_1,Banco.9
55961482,A3_2,Banco.2
55961482,A9_1,Banco.1
55961482,A9_7,Banco.7
55961482,A9_16,Banco.16
55961482,A10,Banco.1
55961482,A13_1,7
55961482,A13_7,7
55961482,A13_16,6.0
55962172,FF2,SI
55962172,FF3,SI. Duenoo o Socio/ Gerente/ Contador
55962172,FF4,Comercio Minorista
55962172,FF5_1,ENTRE $ 600.001 Y $ 1.000.000
55962172,FF7,AMBA
55962172,FF7_1,GBA SUR
55962172,A2_1,Banco.5
55962172,A2_2,Banco.6
55962172,A3_1,Banco.3
55962172,A3_2,Banco.7
55962172,A9_5,Banco.5
55962172,A10,Banco.5
55962172,A13_5,7.0
55962752,FF2,SI
55962752,FF3,SI. Duenoo o Socio/ Gerente/ Contador
55962752,FF4,Industria / Sector productivo
55962752,FF5_1,ENTRE $ 15 MM Y $ 20MM
55962752,FF7,AMBA
55962752,FF7_1,GBA OESTE
55962752,A2_1,Banco.4
55962752,A2_2,Banco.2
55962752,A3_1,Banco.1
55962752,A3_2,Banco.6
55962752,A9_2,Banco.2
55962752,A9_4,Banco.4
55962752,A9_6,Banco.6
55962752,A9_9,Banco.9
55962752,A10,Banco.4
55962752,A13_2,8
55962752,A13_4,8.0
55962752,A13_6,NS/NC
55962752,A13_9,7
56019229,FF2,SI
56019229,FF3,SI. Duenoo o Socio/ Gerente/ Contador
56019229,FF4,Servicios  Profesionales
56019229,FF5_1,ENTRE $ 600.001 Y $ 1.000.000
56019229,FF7,AMBA
56019229,FF7_1,CABA OESTE
56019229,A2_1,NS/NC
56019229,A3_1,Banco.90
56019229,A3_2,Banco.20
56019229,A9_3,Banco.3
56019229,A9_17,Banco.17
56019229,A10,Banco.3
56019229,A13_3,8
56019229,A13_17,7
56019754,FF2,SI
56019754,FF3,SI. Duenoo o Socio/ Gerente/ Contador
56019754,FF4,Comercio Minorista
56019754,FF5_1,ENTRE $ 600.001 Y $ 1.000.000
56019754,FF7,AMBA
56019754,FF7_1,CABA SUR
56019754,A2_1,Banco.90
56019754,A2_2,NS/NC
56019754,A3_1,Banco.1
56019754,A3_2,NS/NC
56019754,A9_1,Banco.1
56019754,A10,Banco.1
56019754,A13_1,5
56020150,FF2,SI
56020150,FF3,SI. Duenoo o Socio/ Gerente/ Contador
56020150,FF4,Servicios no Profesionales
56020150,FF5_1,ENTRE $ 600.001 Y $ 1.000.000
56020150,FF7,AMBA
56020150,FF7_1,GBA SUR
56020150,A2_1,Banco.90
56020150,A2_2,Banco.15
56020150,A3_1,NS/NC
56020150,A9_15,Banco.15
56020150,A9_90,Banco.90
56020150,A10,Banco.15
56020150,A13_15,8.0
56020150,A13_90,10.0
56020562,FF2,SI
56020562,FF3,SI. Duenoo o Socio/ Gerente/ Contador
56020562,FF4,Servicios  Profesionales
56020562,FF5_1,ENTRE $ 25 MM Y $ 50 MM
56020562,FF7,AMBA
56020562,FF7_1,GBA OESTE
56020562,A2_1,NS/NC
56020562,A3_1,NS/NC
56020562,A9_1,Banco.1
56020562,A9_7,Banco.7
56020562,A10,Banco.7
56020562,A13_1,5
56020562,A13_7,6
56020991,FF2,SI
56020991,FF3,SI. Duenoo o Socio/ Gerente/ Contador
56020991,FF4,Servicios  Profesionales
56020991,FF5_1,ENTRE $ 600.001 Y $ 1.000.000
56020991,FF7,AMBA
56020991,FF7_1,CABA SUR
56020991,A2_1,Banco.7
56020991,A2_2,Banco.3
56020991,A3_1,Banco.10
56020991,A3_2,Banco.17
56020991,A9_7,Banco.7
56020991,A9_13,Banco.13
56020991,A10,Banco.7
56020991,A13_7,8
56020991,A13_13,7
56021627,FF2,SI
56021627,FF3,SI. Duenoo o Socio/ Gerente/ Contador
56021627,FF4,Servicios  Profesionales
56021627,FF5_1,ENTRE $ 2.000.001 Y $ 3.000.000
56021627,FF7,AMBA
56021627,FF7_1,GBA NORTE
56021627,A2_1,Banco.1
56021627,A2_2,Banco.6
56021627,A3_1,Banco.17
56021627,A3_2,NS/NC
56021627,A9_1,Banco.1
56021627,A9_6,Banco.6
56021627,A10,Banco.1
56021627,A13_1,10
56021627,A13_6,8
56022165,FF2,SI
56022165,FF3,SI. Duenoo o Socio/ Gerente/ Contador
56022165,FF4,Comercio Minorista
56022165,FF5_1,ENTRE $ 600.001 Y $ 1.000.000
56022165,FF7,AMBA
56022165,FF7_1,CABA OESTE
56022165,A2_1,NS/NC
56022165,A3_1,NS/NC
56022165,A9_1,Banco.1
56022165,A9_17,Banco.17
56022165,A10,Banco.17
56022165,A13_1,5
56022165,A13_17,8
56022997,FF2,SI
56022997,FF3,SI. Duenoo o Socio/ Gerente/ Contador
56022997,FF4,Servicios  Profesionales
56022997,FF5_1,ENTRE $ 2.000.001 Y $ 3.000.000
56022997,FF7,AMBA
56022997,FF7_1,GBA SUR
56022997,A2_1,Banco.3
56022997,A2_2,Banco.7
56022997,A3_1,Banco.90
56022997,A3_2,Banco.2
56022997,A9_1,Banco.1
56022997,A9_3,Banco.3
56022997,A10,Banco.1
56022997,A13_1,4
56022997,A13_3,10
56024025,FF2,SI
56024025,FF3,SI. Duenoo o Socio/ Gerente/ Contador
56024025,FF4,Servicios  Profesionales
56024025,FF5_1,ENTRE $ 600.001 Y $ 1.000.000
56024025,FF7,AMBA
56024025,FF7_1,GBA NORTE
56024025,A2_1,Banco.3
56024025,A2_2,Banco.2
56024025,A3_1,Banco.7
56024025,A3_2,Banco.1
56024025,A9_2,Banco.2
56024025,A9_3,Banco.3
56024025,A9_13,Banco.13
56024025,A9_90,Banco.90
56024025,A10,Banco.2
56024025,A13_2,10
56024025,A13_3,10
56024025,A13_13,8
56024025,A13_90,10.0
56024748,FF2,SI
56024748,FF3,SI. Duenoo o Socio/ Gerente/ Contador
56024748,FF4,Comercio Mayorista
56024748,FF5_1,ENTRE $ 5.000.001 Y $ 10 MM
56024748,FF7,AMBA
56024748,FF7_1,CABA SUR
56024748,A2_1,NS/NC
56024748,A3_1,Banco.1
56024748,A3_2,NS/NC
56024748,A9_1,Banco.1
56024748,A10,Banco.1
56024748,A13_1,1
56025116,FF2,SI
56025116,FF3,SI. Duenoo o Socio/ Gerente/ Contador
56025116,FF4,Servicios  Profesionales
56025116,FF5_1,ENTRE $ 600.001 Y $ 1.000.000
56025116,FF7,AMBA
56025116,FF7_1,CABA OESTE
56025116,A2_1,Banco.7
56025116,A2_2,Banco.16
56025116,A3_1,Banco.2
56025116,A3_2,Banco.9
56025116,A9_1,Banco.1
56025116,A9_7,Banco.7
56025116,A9_15,Banco.15
56025116,A9_16,Banco.16
56025116,A9_17,Banco.17
56025116,A10,Banco.17
56025116,A13_1,7
56025116,A13_7,8
56025116,A13_15,7.0
56025116,A13_16,8.0
56025116,A13_17,8
56025710,FF2,SI
56025710,FF3,SI. Duenoo o Socio/ Gerente/ Contador
56025710,FF4,Industria / Sector productivo
56025710,FF5_1,ENTRE $ 3.000.001 Y $ 5.000.000
56025710,FF7,AMBA
56025710,FF7_1,CABA NORTE
56025710,A2_1,NS/NC
56025710,A3_1,NS/NC
56025710,A9_5,Banco.5
56025710,A10,Banco.5
56025710,A13_5,5.0
56026065,FF2,SI
56026065,FF3,SI. Duenoo o Socio/ Gerente/ Contador
56026065,FF4,Servicios  Profesionales
56026065,FF5_1,ENTRE $ 1.000.001 Y $ 2.000.000
56026065,FF7,Cuyo
56026065,FF7_7,Mendoza Cap. (Mendoza)
56026065,A2_1,Banco.13
56026065,A2_2,Banco.9
56026065,A3_1,Banco.10
56026065,A3_2,Banco.4
56026065,A9_9,Banco.9
56026065,A9_13,Banco.13
56026065,A9_20,Banco.20
56026065,A10,Banco.13
56026065,A13_9,7
56026065,A13_13,8
56026065,A13_20,8.0
56026634,FF2,SI
56026634,FF3,SI. Duenoo o Socio/ Gerente/ Contador
56026634,FF4,Industria / Sector productivo
56026634,FF5_1,ENTRE $ 600.001 Y $ 1.000.000
56026634,FF7,Cuyo
56026634,FF7_7,Guaymallen (GM)  (Mendoza)
56026634,A2_1,Banco.4
56026634,A2_2,Banco.1
56026634,A3_1,Banco.20
56026634,A3_2,Banco.9
56026634,A9_4,Banco.4
56026634,A9_10,Banco.10
56026634,A10,Banco.4
56026634,A13_4,10.0
56026634,A13_10,10.0
56027125,FF2,SI
56027125,FF3,SI. Duenoo o Socio/ Gerente/ Contador
56027125,FF4,Comercio Minorista
56027125,FF5_1,ENTRE $ 600.001 Y $ 1.000.000
56027125,FF7,Cuyo
56027125,FF7_7,Guaymallen (GM)  (Mendoza)
56027125,A2_1,Banco.9
56027125,A2_2,Banco.7
56027125,A3_1,Banco.20
56027125,A3_2,Banco.1
56027125,A9_20,Banco.20
56027125,A10,Banco.20
56027125,A13_20,5.0
56027683,FF2,SI
56027683,FF3,SI. Duenoo o Socio/ Gerente/ Contador
56027683,FF4,Servicios no Profesionales
56027683,FF5_1,ENTRE $ 600.001 Y $ 1.000.000
56027683,FF7,Cuyo
56027683,FF7_7,Mendoza Cap. (Mendoza)
56027683,A2_1,Banco.1
56027683,A2_2,Banco.9
56027683,A3_1,Banco.20
56027683,A3_2,NS/NC
56027683,A9_1,Banco.1
56027683,A9_9,Banco.9
56027683,A9_20,Banco.20
56027683,A10,Banco.9
56027683,A13_1,9
56027683,A13_9,9
56027683,A13_20,7.0
56028128,FF2,SI
56028128,FF3,SI. Duenoo o Socio/ Gerente/ Contador
56028128,FF4,Servicios no Profesionales
56028128,FF5_1,ENTRE $ 1.000.001 Y $ 2.000.000
56028128,FF7,Santa Fe Centro y Sur
56028128,FF7_3,Rosario (Sta Fe)
56028128,A2_1,Banco.10
56028128,A2_2,Banco.7
56028128,A3_1,Banco.9
56028128,A3_2,Banco.24
56028128,A9_10,Banco.10
56028128,A9_24,Banco.24
56028128,A10,Banco.10
56028128,A13_10,6.0
56028128,A13_24,5.0
56028629,FF2,SI
56028629,FF3,SI. Duenoo o Socio/ Gerente/ Contador
56028629,FF4,Servicios  Profesionales
56028629,FF5_1,ENTRE $ 600.001 Y $ 1.000.000
56028629,FF7,Santa Fe Centro y Sur
56028629,FF7_3,Rosario (Sta Fe)
56028629,A2_1,Banco.10
56028629,A2_2,Banco.3
56028629,A3_1,Banco.20
56028629,A3_2,Banco.7
56028629,A9_3,Banco.3
56028629,A9_10,Banco.10
56028629,A10,Banco.3
56028629,A13_3,7
56028629,A13_10,8.0
56029315,FF2,SI
56029315,FF3,SI. Duenoo o Socio/ Gerente/ Contador
56029315,FF4,Industria / Sector productivo
56029315,FF5_1,ENTRE $ 600.001 Y $ 1.000.000
56029315,FF7,Santa Fe Centro y Sur
56029315,FF7_3,Rosario (Sta Fe)
56029315,A2_1,Banco.10
56029315,A2_2,Banco.3
56029315,A3_1,Banco.7
56029315,A3_2,Banco.9
56029315,A9_9,Banco.9
56029315,A9_10,Banco.10
56029315,A10,Banco.10
56029315,A13_9,6
56029315,A13_10,5.0
56029875,FF2,SI
56029875,FF3,SI. Duenoo o Socio/ Gerente/ Contador
56029875,FF4,Comercio Minorista
56029875,FF5_1,ENTRE $ 1.000.001 Y $ 2.000.000
56029875,FF7,Cuyo
56029875,FF7_7,Godoy Cruz (GM) (Mendoza)
56029875,A2_1,Banco.20
56029875,A2_2,Banco.1
56029875,A3_1,Banco.9
56029875,A3_2,NS/NC
56029875,A9_3,Banco.3
56029875,A9_20,Banco.20
56029875,A10,Banco.20
56029875,A13_3,8
56029875,A13_20,10.0
56030408,FF2,SI
56030408,FF3,SI. Duenoo o Socio/ Gerente/ Contador
56030408,FF4,Comercio Mayorista
56030408,FF5_1,ENTRE $ 600.001 Y $ 1.000.000
56030408,FF7,Cuyo
56030408,FF7_7,Godoy Cruz (GM) (Mendoza)
56030408,A2_1,Banco.10
56030408,A2_2,Banco.5
56030408,A3_1,NS/NC
56030408,A9_5,Banco.5
56030408,A9_10,Banco.10
56030408,A10,Banco.5
56030408,A13_5,7.0
56030408,A13_10,7.0
56031028,FF2,SI
56031028,FF3,SI. Duenoo o Socio/ Gerente/ Contador
56031028,FF4,Industria / Sector productivo
56031028,FF5_1,ENTRE $ 1.000.001 Y $ 2.000.000
56031028,FF7,Cuyo
56031028,FF7_7,Godoy Cruz (GM) (Mendoza)
56031028,A2_1,Banco.1
56031028,A2_2,Banco.4
56031028,A3_1,Banco.3
56031028,A3_2,NS/NC
56031028,A9_1,Banco.1
56031028,A9_3,Banco.3
56031028,A10,Banco.1
56031028,A13_1,10
56031028,A13_3,3
56031599,FF2,SI
56031599,FF3,SI. Duenoo o Socio/ Gerente/ Contador
56031599,FF4,Servicios no Profesionales
56031599,FF5_1,ENTRE $ 1.000.001 Y $ 2.000.000
56031599,FF7,Santa Fe Centro y Sur
56031599,FF7_3,Rosario (Sta Fe)
56031599,A2_1,Banco.10
56031599,A2_2,Banco.25
56031599,A3_1,Banco.1
56031599,A3_2,Banco.20
56031599,A9_10,Banco.10
56031599,A10,Banco.10
56031599,A13_10,7.0
56032043,FF2,SI
56032043,FF3,SI. Duenoo o Socio/ Gerente/ Contador
56032043,FF4,Servicios no Profesionales
56032043,FF5_1,ENTRE $ 600.001 Y $ 1.000.000
56032043,FF7,Santa Fe Centro y Sur
56032043,FF7_3,Rosario (Sta Fe)
56032043,A2_1,Banco.3
56032043,A2_2,Banco.25
56032043,A3_1,Banco.4
56032043,A3_2,Banco.1
56032043,A9_3,Banco.3
56032043,A10,Banco.3
56032043,A13_3,9
56032568,FF2,SI
56032568,FF3,SI. Duenoo o Socio/ Gerente/ Contador
56032568,FF4,Comercio Minorista
56032568,FF5_1,ENTRE $ 600.001 Y $ 1.000.000
56032568,FF7,Santa Fe Centro y Sur
56032568,FF7_3,Rosario (Sta Fe)
56032568,A2_1,Banco.10
56032568,A2_2,Banco.7
56032568,A3_1,Banco.25
56032568,A3_2,Banco.5
56032568,A9_3,Banco.3
56032568,A10,Banco.3
56032568,A13_3,7
56032975,FF2,SI
56032975,FF3,SI. Duenoo o Socio/ Gerente/ Contador
56032975,FF4,Servicios no Profesionales
56032975,FF5_1,ENTRE $ 1.000.001 Y $ 2.000.000
56032975,FF7,Cordoba
56032975,FF7_5,Cordoba (Cap)
56032975,A2_1,Banco.4
56032975,A2_2,Banco.1
56032975,A3_1,Banco.6
56032975,A3_2,Banco.9
56032975,A9_1,Banco.1
56032975,A10,Banco.1
56032975,A13_1,9
56033471,FF2,SI
56033471,FF3,SI. Duenoo o Socio/ Gerente/ Contador
56033471,FF4,Servicios no Profesionales
56033471,FF5_1,ENTRE $ 600.001 Y $ 1.000.000
56033471,FF7,Cordoba
56033471,FF7_5,Cordoba (Cap)
56033471,A2_1,Banco.29
56033471,A2_2,Banco.3
56033471,A3_1,NS/NC
56033471,A9_3,Banco.3
56033471,A10,Banco.3
56033471,A13_3,9
56034107,FF2,SI
56034107,FF3,SI. Duenoo o Socio/ Gerente/ Contador
56034107,FF4,Comercio Minorista
56034107,FF5_1,ENTRE $ 3.000.001 Y $ 5.000.000
56034107,FF7,Cordoba
56034107,FF7_5,Cordoba (Cap)
56034107,A2_1,Banco.1
56034107,A2_2,NS/NC
56034107,A3_1,Banco.10
56034107,A3_2,NS/NC
56034107,A9_1,Banco.1
56034107,A10,Banco.1
56034107,A13_1,10
56034717,FF2,SI
56034717,FF3,SI. Duenoo o Socio/ Gerente/ Contador
56034717,FF4,Servicios no Profesionales
56034717,FF5_1,ENTRE $ 1.000.001 Y $ 2.000.000
56034717,FF7,Cordoba
56034717,FF7_5,Cordoba (Cap)
56034717,A2_1,Banco.10
56034717,A2_2,NS/NC
56034717,A3_1,Banco.1
56034717,A3_2,NS/NC
56034717,A9_10,Banco.10
56034717,A10,Banco.10
56034717,A13_10,9.0
56035129,FF2,SI
56035129,FF3,SI. Duenoo o Socio/ Gerente/ Contador
56035129,FF4,Servicios  Profesionales
56035129,FF5_1,ENTRE $ 600.001 Y $ 1.000.000
56035129,FF7,Cordoba
56035129,FF7_5,Cordoba (Cap)
56035129,A2_1,Banco.7
56035129,A2_2,Banco.3
56035129,A3_1,Banco.10
56035129,A3_2,Banco.1
56035129,A9_7,Banco.7
56035129,A10,Banco.7
56035129,A13_7,9
56035499,FF2,SI
56035499,FF3,SI. Duenoo o Socio/ Gerente/ Contador
56035499,FF4,Servicios  Profesionales
56035499,FF5_1,ENTRE $ 2.000.001 Y $ 3.000.000
56035499,FF7,Cordoba
56035499,FF7_5,Cordoba (Cap)
56035499,A2_1,Banco.3
56035499,A2_2,NS/NC
56035499,A3_1,Banco.10
56035499,A3_2,NS/NC
56035499,A9_3,Banco.3
56035499,A10,Banco.3
56035499,A13_3,8
56036027,FF2,SI
56036027,FF3,SI. Duenoo o Socio/ Gerente/ Contador
56036027,FF4,Comercio Minorista
56036027,FF5_1,ENTRE $ 3.000.001 Y $ 5.000.000
56036027,FF7,Cordoba
56036027,FF7_5,Cordoba (Cap)
56036027,A2_1,NS/NC
56036027,A3_1,Banco.1
56036027,A3_2,NS/NC
56036027,A9_10,Banco.10
56036027,A9_29,Banco.29
56036027,A10,Banco.10
56036027,A13_10,6.0
56036027,A13_29,6.0
56037253,FF2,SI
56037253,FF3,SI. Duenoo o Socio/ Gerente/ Contador
56037253,FF4,Servicios  Profesionales
56037253,FF5_1,ENTRE $ 600.001 Y $ 1.000.000
56037253,FF7,Cordoba
56037253,FF7_5,Cordoba (Cap)
56037253,A2_1,Banco.7
56037253,A2_2,NS/NC
56037253,A3_1,Banco.10
56037253,A3_2,NS/NC
56037253,A9_7,Banco.7
56037253,A10,Banco.7
56037253,A13_7,9
